id,"Город дистрибьютора",Торг_точка_грязная,Торг_точка_грязная_адрес,outlet_clean_id
1,Ростов-на-Дону,"ИП Гаврилов С.А.","п.Глубокий, ул.Артёма 44",1
2,Ростов-на-Дону,"ИП Малышева",-,NULL
3,Ростов-на-Дону,"Абасян А.П. ИП","он же",NULL
4,Ростов-на-Дону,"Азатян Н,С. ИП ул. Ленина","он же",NULL
5,Ростов-на-Дону,"Айдинов В.Я.","он же",NULL
6,Ростов-на-Дону,"Алексеева Л П ИП","Буденного 161",2
7,Ростов-на-Дону,"Алексеева Л П ИП","он же",NULL
8,Ростов-на-Дону,"ИП Алиева Т.М.","Ип Алиева Т.М. п.Газетный 39",3
9,Ростов-на-Дону,"Алпатова В В ИП","он же",NULL
10,Ростов-на-Дону,"Алпатова В В ИП","ул Гвардейская 34-а",4
11,Ростов-на-Дону,"Алпатова В.В. ИП","он же",NULL
12,Ростов-на-Дону,"Алпатова В.В. ИП "Ассорти+"","он же",NULL
13,Ростов-на-Дону,"Алпатова В.В. ИП ул.Гвардейская 34-а","он же",NULL
14,Ростов-на-Дону,"ООО "Альтернатива"","он же",NULL
15,Ростов-на-Дону,"Альянс ООО г.Новочеркаск","он же",NULL
16,Ростов-на-Дону,"Андреасян А.А, ИП","он же",NULL
17,Ростов-на-Дону,"Анохин С М ИП","Ростов на Дону ул Калинина 10-А",5
18,Ростов-на-Дону,"Антипова И.Д. п.Васильевский","он же",NULL
19,Ростов-на-Дону,"Арег ООО","он же",NULL
20,Ростов-на-Дону,Армада-Н,"он же",NULL
21,Ростов-на-Дону,"Арнес ООО","он же",NULL
22,Ростов-на-Дону,"ИП Арустамян","Ростовская обл. г.Морозовск ул. Ворошилова 364/2",6
23,Ростов-на-Дону,"Асмаева Т.А. ИП Маг. Овощи-фрукты","он же",NULL
24,Ростов-на-Дону,"Асриян Б Х",-,NULL
25,Ростов-на-Дону,"ООО "Ассоль"","он же",NULL
26,Ростов-на-Дону,"Атаари К.Г. ИП","он же",NULL
27,Ростов-на-Дону,"Бабкова О.Е. ИП х.Грушевка","он же",NULL
28,Ростов-на-Дону,Бага,"Ворошиловский 40",7
29,Ростов-на-Дону,"Баулин Н.Е.","он же",NULL
30,Ростов-на-Дону,"Баусова И.В.ИП м-н "Ирина"","он же",NULL
31,Ростов-на-Дону,"ИП Безбородов","до 12часов",8
32,Ростов-на-Дону,"Беленков И.А. ИП","он же",NULL
33,Ростов-на-Дону,"Беник пок",-,NULL
34,Ростов-на-Дону,"Беник пок.",-,NULL
35,Ростов-на-Дону,"Беник пок.",Ж,9
36,Ростов-на-Дону,"Бирюкова Л.Н.ИП Фурманова, тп 20","он же",NULL
37,Ростов-на-Дону,"Блок ЗАО м-н №7","он же",NULL
38,Ростов-на-Дону,"Болдырева И.Н. ИП","он же",NULL
39,Ростов-на-Дону,"ИП Бородин","он же",NULL
40,Ростов-на-Дону,"Боря Дубров",-,NULL
41,Ростов-на-Дону,"Боря Дубров","г Азов центр рынок",10
42,Ростов-на-Дону,"Боря Дубров","г.Азов, центр. рынок",11
43,Ростов-на-Дону,"Боря липтон","он же",NULL
44,Ростов-на-Дону,Брак,-,NULL
45,Ростов-на-Дону,"Брижанова Г.И. ИП","он же",NULL
46,Ростов-на-Дону,"ИП Бросалина Л.Н.","г.Ростов н/Д, ул.Штахановского, 12",12
47,Ростов-на-Дону,"Бунич Г.Ф.ИП","он же",NULL
48,Ростов-на-Дону,"Буркутов С.И. ИП","он же",NULL
49,Ростов-на-Дону,"Бычихин В.И. ИП ул.Новая 26","он же",NULL
50,Ростов-на-Дону,"Валео ООО","он же",NULL
51,Ростов-на-Дону,"Валерий Фед","г Ростов-на-Дону Соборный 72/Малюгина",13
52,Ростов-на-Дону,"Валерий Фед","г.Ростов-на-Дону, Соборный 72/Малюгина",14
53,Ростов-на-Дону,"Василек ООО м-н Руслан","он же",NULL
54,Ростов-на-Дону,"Васильева С.В.ИП","он же",NULL
55,Ростов-на-Дону,"Васильченко Е.А. ИП","он же",NULL
56,Ростов-на-Дону,"Васюкова Н.П. ИП Васюкова","он же",NULL
57,Ростов-на-Дону,"Васюкова Н.П. ИП","он же",NULL
58,Ростов-на-Дону,"Ващенко Е.В. ИП.п.Артем..пер.Горняцкая","он же",NULL
59,Ростов-на-Дону,"Великжанин В.Н ИП","он же",NULL
60,Ростов-на-Дону,"ИП Вернигорова Ю.С.","г.Ростов н/Д, ул.Народного Ополчения, 50/18",15
61,Ростов-на-Дону,"Вещевайлова И.В. ИП","он же",NULL
62,Ростов-на-Дону,Вика,-,NULL
63,Ростов-на-Дону,Виноградова,-,NULL
64,Ростов-на-Дону,Виноградова,"г Батайск Авиагородок",16
65,Ростов-на-Дону,Виноградова,"г.Батайск Авиагородок",17
66,Ростов-на-Дону,Виноградова,"г.Батайск,Авиагородок",18
67,Ростов-на-Дону,Виноградова,"г.Батайск,Авиагородок",NULL
68,Ростов-на-Дону,"Виноградова 2","он же",NULL
69,Ростов-на-Дону,"Владлена ООО п. Чичерино","он же",NULL
70,Ростов-на-Дону,"Водолей ООО","он же",NULL
71,Ростов-на-Дону,"Волков С.А.ИП","он же",NULL
72,Ростов-на-Дону,"Волкова Н.А.","он же",NULL
73,Ростов-на-Дону,"Волна ООО рп.Усть-Донецкий","он же",NULL
74,Ростов-на-Дону,"ИП Воробьёва Н.В.","Г.Батайск, Торговое кольцо 31, пав."Сувенир"",19
75,Ростов-на-Дону,"Восток ООО г.Семикаракорск, ул.Комарова, 69","он же",NULL
76,Ростов-на-Дону,"Восторг ООО","он же",NULL
77,Ростов-на-Дону,"Галумян А.Н. ИП","он же",NULL
78,Ростов-на-Дону,"Галушкин В.М. ИП ул. Октябрьская","он же",NULL
79,Ростов-на-Дону,"Гапонова Н.М. ИП","он же",NULL
80,Ростов-на-Дону,"Гараева А.В.ИП","он же",NULL
81,Ростов-на-Дону,"Гараева А.В.ИП Чапаева ул","он же",NULL
82,Ростов-на-Дону,"ИП Гараева И.В.","х.Урывский, ул.Российская, 50",20
83,Ростов-на-Дону,Гевор,-,NULL
84,Ростов-на-Дону,"Гетманова С.И.ИП","он же",NULL
85,Ростов-на-Дону,"Глазкова С.В. ИП","он же",NULL
86,Ростов-на-Дону,"ИП Глушенко И.Н.","он же",NULL
87,Ростов-на-Дону,"Гнутов Э.Е. ИП","он же",NULL
88,Ростов-на-Дону,"Годенова С.А. ИП","он же",NULL
89,Ростов-на-Дону,"Голощапова С.Н. ИП","он же",NULL
90,Ростов-на-Дону,"Голубева Е.В. ИП","он же",NULL
91,Ростов-на-Дону,"Гончарова И.И. ИП","он же",NULL
92,Ростов-на-Дону,"Горбенко В.П. ИП м-н Меркурий","он же",NULL
93,Ростов-на-Дону,"Гордеева Н.Ю. ИП","он же",NULL
94,Ростов-на-Дону,"ИП Гордюкова И А","р-к Привоз",21
95,Ростов-на-Дону,"ИП Гордюкова И.А.","р-к Привоз",NULL
96,Ростов-на-Дону,"Горелова О.В. ИП","он же",NULL
97,Ростов-на-Дону,"ИП Готьван С.В.","Азовский р-н, с. Маргаритово, ул.Луговая, 1",22
98,Ростов-на-Дону,"ИП Готьван С.В. Маргаритово","Азовский р-н, с. Маргаритово, ул.Луговая, 1",NULL
99,Ростов-на-Дону,"ИП Григорьева Л.Ю.","он же",NULL
100,Ростов-на-Дону,"Григорян Ш.Г.","г. Ростов-на-Дону ул. Ц. Кунникова 8б",23
101,Ростов-на-Дону,"Гридин Н.А. ИП","он же",NULL
102,Ростов-на-Дону,"Гридин Н.А. ИП Садовая, 48","он же",NULL
103,Ростов-на-Дону,Грузчики,"он же",NULL
104,Ростов-на-Дону,"Грузчики Ночная смена","он же",NULL
105,Ростов-на-Дону,"Даллари Р.О. ИП Сальск","он же",NULL
106,Ростов-на-Дону,"Данилицкий В.В. ИП Садовая","он же",NULL
107,Ростов-на-Дону,"Датченко Ю.А. ИП ул.Социалистическая, 22","он же",NULL
108,Ростов-на-Дону,"ДЕЛИКАТЕС ООО","г Аксай ул Советская 6",24
109,Ростов-на-Дону,"Деликатес ООО","он же",NULL
110,Ростов-на-Дону,"Дерюгина Н.В. ИП","он же",NULL
111,Ростов-на-Дону,"Джумакова Г.З. ИП","он же",NULL
112,Ростов-на-Дону,"Джумакова Г.З. ИП ул. 26 бакинских комиссаров, 2-а","он же",NULL
113,Ростов-на-Дону,"Диол ООО","он же",NULL
114,Ростов-на-Дону,"Для Друзей ООО","он же",NULL
115,Ростов-на-Дону,"Для Друзей ООО ул. Пушкина","он же",NULL
116,Ростов-на-Дону,"Домашний очаг ООО","он же",NULL
117,Ростов-на-Дону,"Домашний очаг ООО пер.Украинский 16-б","он же",NULL
118,Ростов-на-Дону,"Дон ООО Мичуринская","он же",NULL
119,Ростов-на-Дону,"Дудаева С.И. ИП","он же",NULL
120,Ростов-на-Дону,"Духин Л.И ИП","он же",NULL
121,Ростов-на-Дону,"Евстратенко Т.С. ИП Катаева","он же",NULL
122,Ростов-на-Дону,"Женя Мамлаев",-,NULL
123,Ростов-на-Дону,"Женя Мамлаев","он же",NULL
124,Ростов-на-Дону,"Залкин Станислав Игоревич",-,NULL
125,Ростов-на-Дону,"ЗАО " Эй Си Нильсен"","344002, г. Ростов-на-Дону, пр. Буденовский, д.3/3",25
126,Ростов-на-Дону,"ЗАО "Ростовэлектроинструмент"",-,NULL
127,Ростов-на-Дону,"ЗАО "Эй Си Нильсен"",-,NULL
128,Ростов-на-Дону,"Зиндяев И.С. ИП","он же",NULL
129,Ростов-на-Дону,"ИП Золотько","он же",NULL
130,Ростов-на-Дону,"Зубков А.С. ИП","он же",NULL
131,Ростов-на-Дону,"Зураб (ООО Виктория)",-,NULL
132,Ростов-на-Дону,"Ильичева Л.К. ИП","он же",NULL
133,Ростов-на-Дону,"Инглиш тудей","г.Батайск ул.Рабочая 88",26
134,Ростов-на-Дону,"ИП Абабасовская Т.А.","г.Таганрог, ул. Александровская, 160а",27
135,Ростов-на-Дону,"ИП Аббасовская Т.А. г.Таганрог","г.Таганрог, ул. Александровская, 160а",NULL
136,Ростов-на-Дону,"ИП Аведисьян Э.Х.",-,NULL
137,Ростов-на-Дону,"ИП Агабабян Е.М.",-,NULL
138,Ростов-на-Дону,"ИП Агаджанов М А","Ростовская обл Белая Калитва ул Атаева 9а",28
139,Ростов-на-Дону,"ИП Агаджанов М.А.","Ростовская обл. Белая Калитва ул. Атаева 9а",29
140,Ростов-на-Дону,"ИП Альбова ГИ",-,NULL
141,Ростов-на-Дону,"ИП Альбова ГИ","Базарная 72 пав №6 (Ц рынок)",30
142,Ростов-на-Дону,"ИП Альбова ГИ","Базарная 72 пав.№6 (Ц. рынок)",31
143,Ростов-на-Дону,"ИП Аненкова Г.А.","он же",NULL
144,Ростов-на-Дону,"ИП Анисимов Александр Сергеевич","344000 Россия г Ростов-на-Дону ул Горького 28/4",32
145,Ростов-на-Дону,"ИП Анисимов Александр Сергеевич","344000, Россия, г. Ростов-на-Дону, ул. Горького 28/4",33
146,Ростов-на-Дону,"ИП Анисимов Александр Сергеевич2","г. Ростов-на-Дону, ул. Лермонтовская,102",34
147,Ростов-на-Дону,"ИП Аракелян Р.А. Верхояновский","г.Ростов н/Д, Верхояновский 11",35
148,Ростов-на-Дону,"ИП Аракелян Р.А. Черепахина","г.Ростов н/Д, Черепахина 94/25",36
149,Ростов-на-Дону,"ИП Арустамян","Ростовская обл г Морозовск ул Ворошилова 364/2",37
150,Ростов-на-Дону,"ИП Арутюнян","он же",NULL
151,Ростов-на-Дону,"ИП Асмаева Т.А. Ленинградская","г.Донецк, ул.Ленинградская, 38",38
152,Ростов-на-Дону,"ИП Асмаева Т.А. Молодёжная","г.Донецк, ул.Молодёжная, 1",39
153,Ростов-на-Дону,"ИП Астапенков Б.Е.","п.Тарасовский, ул.Кирова, 24",40
154,Ростов-на-Дону,"ИП Атабекян Л.В.","Куйбышево, ул.Пушкинская, 36а",41
155,Ростов-на-Дону,"ИП Ашихина А.М.","он же",NULL
156,Ростов-на-Дону,"ИП Ашихина А.М.","п.Тарасовский, Ц.Рынок",42
157,Ростов-на-Дону,"ИП Бабаян А В","он же",NULL
158,Ростов-на-Дону,"ИП Бабиев 2","он же",NULL
159,Ростов-на-Дону,"ИП Бадалян","р-к Днепровский",43
160,Ростов-на-Дону,"ИП Балаев А.Р.",-,NULL
161,Ростов-на-Дону,"ИП Бахтин",-,NULL
162,Ростов-на-Дону,"ИП Бахтин","г Батайск ул Горького 133 рынок лар № 285",44
163,Ростов-на-Дону,"ИП Бейнешева Г В","он же",NULL
164,Ростов-на-Дону,"ИП Белов М Н Ленточная","он же",NULL
165,Ростов-на-Дону,"ИП Берест 2","г.Новочеркасск ул Калинина 69",45
166,Ростов-на-Дону,"ИП Берест Е В","пр Ленина 22 ориентир "21 век"",46
167,Ростов-на-Дону,"ИП Берест Е.В.","пр. Ленина 22 ориентир "21 век"",47
168,Ростов-на-Дону,"ИП Берест Е.В.","пр. Ленина 22, ориентир "21 век"",48
169,Ростов-на-Дону,"ИП Блашковский Е. Г.","г. Ростов-на-Дону, ул. Жмайлова 21 а",49
170,Ростов-на-Дону,"ИП Близнюк Н.В.","г.Новочеркасск, ул.Ларина/Буденновская",50
171,Ростов-на-Дону,"ИП Богданова ЕВ",-,NULL
172,Ростов-на-Дону,"ИП Болдырев Д.А.",-,NULL
173,Ростов-на-Дону,"ИП Болдырев Ю.Д.","344004г.Ростов -на-Дону,ул.Немировича-Данченко 78/6",51
174,Ростов-на-Дону,"ИП Болотова Н.С.","г.Шахты Комуунистический/Советская 74",52
175,Ростов-на-Дону,"ИП Бороненко И.В.","он же",NULL
176,Ростов-на-Дону,"ИП Бугаенко Т.В.","Азовский р-он., п. Пешково, ул.К.Маркса 35А",53
177,Ростов-на-Дону,"ИП Буднев А.Н.",-,NULL
178,Ростов-на-Дону,"ИП Бурлаков А И","г Новочеркас ул Московская 2 магазин Мир",54
179,Ростов-на-Дону,"ИП Бурлаков А.И.","г.Новочеркас ул.Московская 2 магазин Мир",55
180,Ростов-на-Дону,"ИП Бурлаков А.И.","г.Новочеркас, ул.Московская 2,магазин Мир",56
181,Ростов-на-Дону,"ИП Бурмистрова","классик № 883",57
182,Ростов-на-Дону,"ИП Бутенко В.П.",-,NULL
183,Ростов-на-Дону,"ИП Бутенко Г.И.","Неклиновский р-н, с.Покровское, ул.Привокзальная, 4",58
184,Ростов-на-Дону,"ИП Бутенко Г.И.","он же",NULL
185,Ростов-на-Дону,"ИП Васильева Е.М.",-,NULL
186,Ростов-на-Дону,"ИП Верисова",-,NULL
187,Ростов-на-Дону,"ИП Ветрова О.С.","Каменск-Шахтинский,ул.Щаденко 104 м-н "Элегия"",59
188,Ростов-на-Дону,"ИП Ветрова О.С.","Каменск -Шахтинский,ул. Советская 35 а",60
189,Ростов-на-Дону,"ИП Ветрова О.С.","Рост.обл. г.Каменск-Шахтинский,ул.Советская 35 а",61
190,Ростов-на-Дону,"ИП Вилонина Е.С.","х.Таврический, ул.Мира, 30б",62
191,Ростов-на-Дону,"ИП Вилонина Е.С. Отрадное","с. Отрадное, ул.Ленина, 43 м-н "Весна"",63
192,Ростов-на-Дону,"ИП Винокурова",-,NULL
193,Ростов-на-Дону,"ИП Внуков Р.А.","Азовский р-он. п. Овощной, ул. Полевая 203",64
194,Ростов-на-Дону,"ИП Войнова Р.И.","он же",NULL
195,Ростов-на-Дону,"ИП Войнова Р.И.","х.Плешаков, ул.Московская, 15",65
196,Ростов-на-Дону,"ИП Воробьёва Н.В.","Г.Батайск Торговое кольцо 31 пав."Сувенир"",66
197,Ростов-на-Дону,"ИП Воронянский И.Н.","г.Донецк, пер.Панфилова, 71",67
198,Ростов-на-Дону,"ИП Ворчукова Т.Н.2","Врубовая 40",68
199,Ростов-на-Дону,"ИП Ворчукова Т.Н.2","Врубовая 40",NULL
200,Ростов-на-Дону,"ИП Вязова Яна Андреевна","г.Каменск-Шахтинский, ул.Ленина, 1А,магазин "Спутник"",69
201,Ростов-на-Дону,"ИП Гаврилов С.А.","п.Глубокий, ул.Артёма 141",70
202,Ростов-на-Дону,"ИП Гайдаш","Нансена 144 а",71
203,Ростов-на-Дону,"ИП Гапонова О.С.","х.Некрасова Балка, ул.Светлая, 19",72
204,Ростов-на-Дону,"ИП Геворгян М.Л.","Ленина, 85, м-н "Суфле"",73
205,Ростов-на-Дону,"ИП Герасименко И. ул.Кваша 10/Васильева 30","Азов, ул.Кваша 10/Васильева 30",74
206,Ростов-на-Дону,"ИП Гирюнова С.И.","с.Троицкое, ул.Ленина 40а",75
207,Ростов-на-Дону,"ИП Глазунова Е Н","г Таганрог ул Осипенко 48",76
208,Ростов-на-Дону,"ИП Глазунова Е.Н.","г.Таганрог ул.Осипенко 48",77
209,Ростов-на-Дону,"ИП Глазунова Е.Н.","г.Таганрог, ул.Осипенко,48",78
210,Ростов-на-Дону,"ИП Глушенко И.Н.","Азовский р-н, г.Азов, СНТ "Мичуринец-3", №205",79
211,Ростов-на-Дону,"ИП Глушко Т Г 2","р-к Привоз",NULL
212,Ростов-на-Дону,"ИП Глушко Т.Г.2","р-к Привоз",NULL
213,Ростов-на-Дону,"ИП Говсоян","Азов, ул.Победы 11а",80
214,Ростов-на-Дону,"ИП Головешко Любовь Борисовна","347510,Ростовская область пос. Орловский, пер. Первомайский, 97",81
215,Ростов-на-Дону,"ИП Голубева Е. Е.",-,NULL
216,Ростов-на-Дону,"ИП Гомельский Р.А. Ковалевка","п.Ковалёвка, конечная остановка, м-н Продукты",82
217,Ростов-на-Дону,"ИП Горбунова Е.А.","Матвеев-Курган, ул.Шевченко, 73",83
218,Ростов-на-Дону,"ИП Гордиенко М.Н.","он же",NULL
219,Ростов-на-Дону,"ИП Гордиенко М.Н.","с.В-Вознесенка, ул.Васильева, 28",84
220,Ростов-на-Дону,"ИП Горобец Л Н (Любушкина)","г Батайск Луначарского 188 (р-к Заря)",85
221,Ростов-на-Дону,"ИП Горобец Л.Н. (Любушкина)","г.Батайск Луначарского 188 (р-к Заря)",86
222,Ростов-на-Дону,"ИП Горобец Л.Н. (Любушкина)","г.Батайск,Луначарского 188 (р-к Заря)",87
223,Ростов-на-Дону,"ИП Гостева Н.А.",-,NULL
224,Ростов-на-Дону,"ИП Готьван С.В. Пешково","с.Пешково, ул.Луначарского, 102",88
225,Ростов-на-Дону,"ИП Грибанова О.А.","Азовский р-он. с. Кулешовка, ул.Пролетарская 41а",89
226,Ростов-на-Дону,"ИП Гридин Н.А.","он же",NULL
227,Ростов-на-Дону,"ИП Гриценко А.Н.","М.-Курганский р-н, с.Каменно-Андрианово, ул.Центральная, 13",90
228,Ростов-на-Дону,"ИП Гришечкина В.В.","Донецк, ул.Подтёлкова 89",91
229,Ростов-на-Дону,"ИП Гришина Е.К.","Азов, пер.Черноморский, рынок",92
230,Ростов-на-Дону,"ИП Грунтовская О.В.","Матвеев Курган, ул.Комсомольская, 60",93
231,Ростов-на-Дону,"ИП Гукай С.В.","он же",NULL
232,Ростов-на-Дону,"ИП Гунченко В С","г Аксай ул Ленина 16а",94
233,Ростов-на-Дону,"ИП Гунченко В.С.","г.Аксай ул.Ленина 16а",95
234,Ростов-на-Дону,"ИП Гунченко В.С.","г.Аксай, ул.Ленина,16а",96
235,Ростов-на-Дону,"ИП Давидян В.В.",-,NULL
236,Ростов-на-Дону,"ИП Даллари О.В.",-,NULL
237,Ростов-на-Дону,"ИП Даллари Р.О.",-,NULL
238,Ростов-на-Дону,"ИП Даниленко Ю С","он же",NULL
239,Ростов-на-Дону,"ИП Данчева","р-к Северный м 43",97
240,Ростов-на-Дону,"ИП Данчева","р-к Северный м.43",98
241,Ростов-на-Дону,"ИП Данчева","р-к Северный, м.43",99
242,Ростов-на-Дону,"ИП Данчева 3","р-к Шайба",100
243,Ростов-на-Дону,"ИП Дарган В А","г Ростов-на-Дону ул Орбитальная 66 "",101
244,Ростов-на-Дону,"ИП Дарган В.А.","г. Ростов-на-Дону ул. Орбитальная 66 "",102
245,Ростов-на-Дону,"ИП Дарган В.А.","г. Ростов-на-Дону, ул. Орбитальная, 66 "",103
246,Ростов-на-Дону,"ИП Дедогрюк Н П","он же",NULL
247,Ростов-на-Дону,"ИП Деревянкина О.Н.","п.Сосны, ул.Кирова, 12",104
248,Ростов-на-Дону,"ИП Десятерик С А","г Каменск-Шахтинский ул Ворошилова 161е м-н Уражай",105
249,Ростов-на-Дону,"ИП Десятерик С.А.","г.Каменск-Шахтинский ул. Ворошилова 161е м-н Уражай",106
250,Ростов-на-Дону,"ИП Десятерик С.А.","г.Каменск-Шахтинский,ул. Ворошилова 161е м-н Уражай",107
251,Ростов-на-Дону,"ИП Джагарян А.Л.","г.Новошахтинск ул.Советская 20",108
252,Ростов-на-Дону,"ИП Джагарян А.Л.","г.Новошахтинск, ул.Советская 20",109
253,Ростов-на-Дону,"ИП Джагарян А.Л.","г.Новошахтинск, ул.Советская 20",NULL
254,Ростов-на-Дону,"ИП Дмитриенко В В","Рост обл г Новочеркаск Платовский 77 азовский р-к павильон Виктория",110
255,Ростов-на-Дону,"ИП Дмитриенко В,В,","Рост обл. г.Новочеркаск Платовский 77 азовский р-к павильон Виктория",111
256,Ростов-на-Дону,"ИП Дмитриенко В,В,","Рост,обл. г.Новочеркаск,Платовский 77,азовский р-к павильон Виктория",112
257,Ростов-на-Дону,"ИП Добрикова Юлия Викторовна","344064, г. Ростов-на-Дону, 2-я Пятилетка, 12",113
258,Ростов-на-Дону,"ИП Добрикова Юлия Викторовна","344064, г. Ростов-на-Дону, ул. Немировича-Данченко, 78/3",114
259,Ростов-на-Дону,"ИП Добровольская О.","г. Батайск, СЖМ 3/1, магазин "Олеся"",115
260,Ростов-на-Дону,"ИП Долженко А.А.","Неклиновский р-н, с.Самбек, ул.Центральная, 10б",116
261,Ростов-на-Дону,"ИП Дорофеев В.А. Малокирсановка",Малокирсановка,117
262,Ростов-на-Дону,"ИП Драная С И","г Каменск-Шахтинский ул Ворошилова 14/16 м-н продукты",118
263,Ростов-на-Дону,"ИП Драная С.И.","г.Каменск-Шахтинский,ул. Ворошилова 14/16 м-н продукты",119
264,Ростов-на-Дону,"ИП Дрон","Азов, пер. Литейный, 7",120
265,Ростов-на-Дону,"ИП Дубовик Людмила Ивановна","Краснодарский край,станица Кущевская, пер. Первомайский,101",121
266,Ростов-на-Дону,"ИП Дубровина Г.В.","ул.Туполева, 7",122
267,Ростов-на-Дону,"ИП Дудкина В.В.","Донецк, ул. Водопроводная, 18",123
268,Ростов-на-Дону,"ИП Дудко Ю.М.",-,NULL
269,Ростов-на-Дону,"ИП Дудник Е.В.",-,NULL
270,Ростов-на-Дону,"ИП Дыбченко Е.П.","Новочеркасск, Войкова, 72",124
271,Ростов-на-Дону,"ИП Еременко А.К.","г.Таганрог, Мариупольское шоссе 27/1 м-н Одиссей",125
272,Ростов-на-Дону,"ИП Еременко А Н","353741 Краснодарский край ст Ленинградская ул Светлая 66",126
273,Ростов-на-Дону,"ИП Еременко А.Н.","353741,Краснодарский край,ст.Ленинградская,ул.Светлая,66",127
274,Ростов-на-Дону,"ИП Ермакова Е И","346050Рост обл п Тарасовский улОстровско 55",128
275,Ростов-на-Дону,"ИП Ермакова Е.И.","346050Рост.обл.п.Тарасовский улОстровско 55",129
276,Ростов-на-Дону,"ИП Ермакова Е.И.","346050Рост.обл.п.Тарасовский,улОстровско 55",130
277,Ростов-на-Дону,"ИП Жидков В.А.","с.Приморка, ул. Ленина 143 б",131
278,Ростов-на-Дону,"ИП Жовницкая И.Н.","он же",NULL
279,Ростов-на-Дону,"ИП Жовницкий О. В.",-,NULL
280,Ростов-на-Дону,"ИП Жукова О.И.","с.Весёло-Вознесенка, ул.Школьная, 1г",132
281,Ростов-на-Дону,"ИП Жупник Н В Дачная","г Шахты ул г Шахты ул Дачная 2 а",133
282,Ростов-на-Дону,"ИП Жупник Н,В,","он же",NULL
283,Ростов-на-Дону,"ИП Жупник Н.В. Дачная","г. Шахты ул. г. Шахты ул. Дачная 2 а",134
284,Ростов-на-Дону,"ИП Забузов А.М.","г.Ростов н/Д, ул.Мечникова, 79",135
285,Ростов-на-Дону,"ИП Задунц",-,NULL
286,Ростов-на-Дону,"ИП Заикина Л.П.","он же",NULL
287,Ростов-на-Дону,"ИП Заикина Л.П.","х.Россошь, ул.Красноармейская, 34",136
288,Ростов-на-Дону,"ИП Зинченко Т.И.","М.Курган, ул.Комсомольская, 127",137
289,Ростов-на-Дону,"ИП Золотарев Е Л","Каменск-Шахтинский пер Коммунистический 92",138
290,Ростов-на-Дону,"ИП Золотарев Е.Л.","Каменск-Шахтинский пер.Коммунистический 92",139
291,Ростов-на-Дону,"ИП Золотарев Е.Л.","Каменск-Шахтинский, пер.Коммунистический 92",140
292,Ростов-на-Дону,"ИП Иванкова Н.В.","х.Каменногорье, ул.Спортивная, 8б",141
293,Ростов-на-Дону,"ИП Иванник В.Н.","Б.Калитва, ул.Калинина 8",142
294,Ростов-на-Дону,"ИП Иванова А.М.","п.Тарасовский, ул.Степная, 83",143
295,Ростов-на-Дону,"ИП Иванова О.А.","он же",NULL
296,Ростов-на-Дону,"ИП Иванова О.А. Московская","Азов, ул.Московская, 157",144
297,Ростов-на-Дону,"ИП Иванова Т.А.","он же",NULL
298,Ростов-на-Дону,"ИП Иванова Т.А.","Таганрог, ул.Адмирала Крюйса, 23",145
299,Ростов-на-Дону,"ИП Иващенко И.А.",-,NULL
300,Ростов-на-Дону,"ИП Иващенко И А","346400Ростовская область г Новочеркаск ул Спортивная 23",146
301,Ростов-на-Дону,"ИП Иващенко И.А.","346400Ростовская область,г.Новочеркаск,ул. Спортивная 23",147
302,Ростов-на-Дону,"ИП Изюмова А Н","он же",NULL
303,Ростов-на-Дону,"ИП Исаев А.Ю.","Аксай, ул.Гулаева, 42",148
304,Ростов-на-Дону,"ИП Исаев А.Ю.","он же",NULL
305,Ростов-на-Дону,"ИП Исакова А.С.","с.Займо-Обрыв, ул.Будённого, 49а",149
306,Ростов-на-Дону,"ИП Исакова Н. С.","г. Ейск, Краснодарский край, ул. Мичурина, 4",150
307,Ростов-на-Дону,"ИП Казарян А.А.","г.Ростов н/Д, ул.Ладная, 8",151
308,Ростов-на-Дону,"ИП Каймакова Т А","он же",NULL
309,Ростов-на-Дону,"ИП Кайсин В.А.","Б.Неклиновка, Памятный 5",152
310,Ростов-на-Дону,"ИП Калина М.В.",-,NULL
311,Ростов-на-Дону,"ИП Капаева Аня","г Азов рынок",153
312,Ростов-на-Дону,"ИП Капралова","Камышеваха, ул.Риволи, 1",154
313,Ростов-на-Дону,"ИП Кардашян Г В","г Ростов-на-Дону пр Коммунистический 27",155
314,Ростов-на-Дону,"ИП Кардашян Г.В.","г.Ростов-на-Дону пр.Коммунистический 27",156
315,Ростов-на-Дону,"ИП Кардашян Г.В.","г.Ростов-на-Дону,пр.Коммунистический,27,",157
316,Ростов-на-Дону,"ИП Кардашян Г.В.","г.Ростов-на-Дону,пр.Коммунистический,27,",NULL
317,Ростов-на-Дону,"ИП Карымова Л.Г.","г.Керчь, ул. Шлагбаумская 49/2",158
318,Ростов-на-Дону,"ИП Кирова Е.Л.","он же",NULL
319,Ростов-на-Дону,"ИП Киселёва А.И.","г.Новочеркасск, ул.Тополиная, 73 (м-н Дионис)",159
320,Ростов-на-Дону,"ИП Ковалёва П.В.","ст. Митякинская, ул.Менжинского, 38",160
321,Ростов-на-Дону,"ИП Ковригина Е.А.","пос.Каменно-Тузловка, Социалистическая 19а",161
322,Ростов-на-Дону,"ИП Колесникова Л.В.","с.М.Неклиновка, ул.Заречная, 71",162
323,Ростов-на-Дону,"ИП Колисниченко Т.В.","он же",NULL
324,Ростов-на-Дону,"ИП Коломиец О.В.",-,NULL
325,Ростов-на-Дону,"ИП Коломиец Ю Д","347540 Ростовская обл г Пролетарск пр 50 лет Октября 82/Первомайская",163
326,Ростов-на-Дону,"ИП Коломиец Ю.Д.","347540 Ростовская обл.г.Пролетарск пр.50 лет Октября 82/Первомайская",164
327,Ростов-на-Дону,"ИП Коломиец Ю.Д.","347540 Ростовская обл.г.Пролетарск, пр.50 лет Октября 82/Первомайская",165
328,Ростов-на-Дону,"ИП Коломийцев",-,NULL
329,Ростов-на-Дону,"ИП Колычева Л.А.","г.Новочеркасск, ул.Фрунзе/Комитетская",166
330,Ростов-на-Дону,"ИП Копылова С Е","347800 г Каменск-Шахтинский ул Ленина 79",167
331,Ростов-на-Дону,"ИП Копылова С.Е.","347800 г.Каменск-Шахтинский ул. Ленина 79",168
332,Ростов-на-Дону,"ИП Копылова С.Е.","347800 г.Каменск-Шахтинский,ул. Ленина 79",169
333,Ростов-на-Дону,"ИП Кораблинова Е.А.","р-к Сельмаш",170
334,Ростов-на-Дону,"ИП Корецких Ю.А.","г. Ростов-на-Дону, ул. Чехова, 51",171
335,Ростов-на-Дону,"Королева В.И.",Таганрог,172
336,Ростов-на-Дону,"ИП Короткий А.И. Анастасиевка","Матвеево-Курганский р-н, с.Анастасиевка, Ленина 64",173
337,Ростов-на-Дону,"ИП Короткий А.И. Марфинка","с.Марфинка, ул.Центральная, 99",174
338,Ростов-на-Дону,"ИП Кочнева Г.А.","он же",NULL
339,Ростов-на-Дону,"ИП Кошевой А.В.","он же",NULL
340,Ростов-на-Дону,"ИП Кошевой А.В.","с.Покровское, ул.Привокзальная 52а",175
341,Ростов-на-Дону,"ИП Кравченко Ейск",Ж,NULL
342,Ростов-на-Дону,"ИП Кравченко С.М.",-,NULL
343,Ростов-на-Дону,"ИП Кравченко С М","он же",NULL
344,Ростов-на-Дону,"ИП Кравченко С.М.","он же",NULL
345,Ростов-на-Дону,"ИП Красуля М.А.","он же",NULL
346,Ростов-на-Дону,"ИП Красуля М.А.","с.Рясное, ул.Комбайностроилей, 56а",176
347,Ростов-на-Дону,"ИП Кривицкая С.Н.","Ростов н/Д, ул.Каскадная, 67",177
348,Ростов-на-Дону,"ИП Кришталёва А Г","г Ростов-на-Дону Нахичевань",178
349,Ростов-на-Дону,"ИП Кришталёва А.Г.","г.Ростов-на-Дону Нахичевань",179
350,Ростов-на-Дону,"ИП Кришталёва А.Г.","г.Ростов-на-Дону,Нахичевань",180
351,Ростов-на-Дону,"ИП Крымов А.О.","г.Таганрог, Мариупольское шоссе, 21/2 "Кристалл"",181
352,Ростов-на-Дону,"ИП Кудрявцева Мария Викторовна","347803 г Каменск-Шахтинский ул Монтажников д 43б",182
353,Ростов-на-Дону,"ИП Кудрявцева Мария Викторовна","347803, г. Каменск-Шахтинский, ул Монтажников, д. 43б",183
354,Ростов-на-Дону,"ИП Кузнецова Т.В.",-,NULL
355,Ростов-на-Дону,"ИП Кузьмичёва Т.В.","п.Тарасовский, ул.Мира, 96",184
356,Ростов-на-Дону,"ИП Куликов И.В.","г.Таганрог,пер.Гоголевский,29а",185
357,Ростов-на-Дону,"ИП Курбатова М.А.","х.Груцынов, ул. Студенческая, 11",186
358,Ростов-на-Дону,"ИП Курочкин Г.С.","Очаковская ,87",187
359,Ростов-на-Дону,"ИП Курочкин Г.С.","Очаковская 87",188
360,Ростов-на-Дону,"ИП Кухаренко М.В.","п.Овощной, пер Цветочный 8",189
361,Ростов-на-Дону,"ИП Лагутина Н А","Ростовская обл пос Глубокий ул Вокзальная 187",190
362,Ростов-на-Дону,"ИП Лагутина Н.А.","Ростовская обл. пос. Глубокий ул. Вокзальная 187",191
363,Ростов-на-Дону,"ИП Левченко Т.А.","он же",NULL
364,Ростов-на-Дону,"ИП Левчук А.В.",-,NULL
365,Ростов-на-Дону,"ИП Левчук И.В.2",-,NULL
366,Ростов-на-Дону,"ИП Леонова О.А.","с.Кулешовка, пер. Кулагина, 6а",192
367,Ростов-на-Дону,"ИП Лихолетова Л.В.","Ольгинская, ул.Ленина, 147а",193
368,Ростов-на-Дону,"ИП Лихолетова Л.В.","он же",NULL
369,Ростов-на-Дону,"ИП Лобуцкая Г.Г.","Таганрог,ул.Московская 6/2 торговый комплекс Теремок",194
370,Ростов-на-Дону,"ИП Логвинов В.В.","Ростов н/Д, ул.Привокзальная, 3а",195
371,Ростов-на-Дону,"ИП Лысак Р.С.",-,NULL
372,Ростов-на-Дону,"ИП Лысак Р.С.","г.Ростов-на-Дону, ул.Малюгина 220/84",196
373,Ростов-на-Дону,"ИП Магомедова Л.К.",-,NULL
374,Ростов-на-Дону,"ИП Макаренко А.А.",-,NULL
375,Ростов-на-Дону,"ИП Малеева Т.В.","х.Юдино, ул.Лермонтова, 3",197
376,Ростов-на-Дону,"ИП Мальцев И.В.","г.Азов, Кагальницкое ш., 37",198
377,Ростов-на-Дону,"ИП Мамлаева Н.А.","он же",NULL
378,Ростов-на-Дону,"ИП Мамлаева Н А","Северный рынок пав №43 цокольный ряд",199
379,Ростов-на-Дону,"ИП Мамлаева Н.А.","Северный рынок, пав. №43, цокольный ряд",200
380,Ростов-на-Дону,"ИП Мануйленко А И","г Таганрог пер Гоголевский 29а",201
381,Ростов-на-Дону,"ИП Мануйленко А.И.","г.Таганрог пер.Гоголевский 29а",202
382,Ростов-на-Дону,"ИП Мануйленко А.И.","г.Таганрог,пер.Гоголевский,29а",NULL
383,Ростов-на-Дону,"ИП Маркарян Э.Л.","Ростов н/Д, 20 линия, 26",203
384,Ростов-на-Дону,"ИП Марцинюк 2",-,NULL
385,Ростов-на-Дону,"ИП Марченко Л.Н.",-,NULL
386,Ростов-на-Дону,"ИП Марчуков А.А.",-,NULL
387,Ростов-на-Дону,"Маслова И.С. ИП","он же",NULL
388,Ростов-на-Дону,"ИП Матюшкина","Ростов н/Д, Днепропетровская 87",204
389,Ростов-на-Дону,"ИП Матющенко Ю Г","Краснод кр ст Староминская ул Новоясенская 131",205
390,Ростов-на-Дону,"ИП Матющенко Ю.Г.","Краснод. кр.ст.Староминская ул.Новоясенская 131",206
391,Ростов-на-Дону,"ИП Матющенко Ю.Г.","Краснод. кр.ст.Староминская ул.Новоясенская,131",207
392,Ростов-на-Дону,"ИП Матющенко Ю.Г.","он же",NULL
393,Ростов-на-Дону,"ИП Меликамусова Х.С.","Вавилова, 132 м-н Шоколад",208
394,Ростов-на-Дону,"ИП Микинян К.С.",-,NULL
395,Ростов-на-Дону,"ИП Минасян М.Г.","Ростов н/Д, ул. Пирамидная, 4",209
396,Ростов-на-Дону,"ИП Мирзабеков Г.В. Гриша","Троллейбусная 10 (1 база)",210
397,Ростов-на-Дону,"ИП Мирзабеков Г.В.2 № 12","Врубова 38 № 12",211
398,Ростов-на-Дону,"ИП Мирзабеков Г.В.2 № 44","Врубова 38 № 44",212
399,Ростов-на-Дону,"ИП Мирзабеков Г.В.2 № 44","Врубова,38 № 44",213
400,Ростов-на-Дону,"ИП Митрохина","г. Шахты Артемовский р-к. пер. Татаркина 15",214
401,Ростов-на-Дону,"ИП Мрыхина А.А.","Аксайский р-н, п.Октябрьский, ул.Ленина, 48",215
402,Ростов-на-Дону,"ИП Мустафаева Елена Петровна","346880, Ростовская обл., г. Батайск, ул. Энгельса 86",216
403,Ростов-на-Дону,"ИП Мустафаева Елена Петровна","346880, Ростовская обл., г. Батайск, ул. Энгельса 227б",217
404,Ростов-на-Дону,"ИП Мхитарян",-,NULL
405,Ростов-на-Дону,"ИП Надирян А.Н.","Куйбышевский р-н, с.Кульбатово, ул.Первомайская, 1",218
406,Ростов-на-Дону,"ИП Надирян А.Н.","он же",NULL
407,Ростов-на-Дону,"ИП Надолинская Г.В.","с.Покровское, 1254 км.",219
408,Ростов-на-Дону,"ИП Надолинская Н.А.","Матвеев-Курган, Комсомольская, 1з",220
409,Ростов-на-Дону,"ИП Назаренко С.Н.",-,NULL
410,Ростов-на-Дону,"ИП Назаренко С.Н.",г.Азов,221
411,Ростов-на-Дону,"ИП Назарцев В.А.","Азов, пер.Безымянный, 3",222
412,Ростов-на-Дону,"ИП Науменко А.И.","Азов, ул.Маяковского 77г м-н "Маячок"",223
413,Ростов-на-Дону,"ИП Наумова С Г","г Шахты ул Советская 66",224
414,Ростов-на-Дону,"ИП Наумова С.Г.","г.Шахты ул.Советская 66",225
415,Ростов-на-Дону,"ИП Наумова С.Г.","г.Шахты,ул.Советская 66",226
416,Ростов-на-Дону,"ИП Немашкалов (Котельниково)","он же",NULL
417,Ростов-на-Дону,"ИП Нестеренко",-,NULL
418,Ростов-на-Дону,"ИП Нестеренко","он же",NULL
419,Ростов-на-Дону,"ИП Никитина Н.Н.",-,NULL
420,Ростов-на-Дону,"ИП Никишин В.И.","Б.Калитва, ул.Светлая, 7",227
421,Ростов-на-Дону,"ИП Никишин В.И.","он же",NULL
422,Ростов-на-Дону,"ИП Николенко В.Я.","он же",NULL
423,Ростов-на-Дону,"ИП Одинцов А В","ул Текучёва 30/11",228
424,Ростов-на-Дону,"ИП Одинцов А.В.",-,NULL
425,Ростов-на-Дону,"ИП Олифиренко Н.А.","с.Кагальник, П_x001F_ролетарская, 78а",229
426,Ростов-на-Дону,"ИП Онищенко Татьяна Геннадьевна","г. Ростов-на-Дону, ул. Социалистическая, 1",230
427,Ростов-на-Дону,"ИП Остриков Р В","г Шахты ул Советская 66",NULL
428,Ростов-на-Дону,"ИП Остриков Р.В.","г.Шахты ул.Советская 66",NULL
429,Ростов-на-Дону,"ИП Остриков Р.В.","г.Шахты, ул.Советская, 66",231
430,Ростов-на-Дону,"ИП Остриков Р.В. 2",-,NULL
431,Ростов-на-Дону,"ИП Острикова","пос.Тарасовский ул стадионная 31г",232
432,Ростов-на-Дону,"ИП Павлова Н.И.",-,NULL
433,Ростов-на-Дону,"ИП Павловская Л.В.","Азовский р-он. п. Овощной, ул.Мира 12А",233
434,Ростов-на-Дону,"ИП Палий М.И.","Матвеев-Курган, ул.Куйбышева, 45",234
435,Ростов-на-Дону,"ИП Паляница С.А.","Каменский р-н, х.Кочетовка, ул.Победы, 12",235
436,Ростов-на-Дону,"ИП Паненко ул.Бабушкина","г.Ростов н/Д, ул.Бабушкина 3а",236
437,Ростов-на-Дону,"ИП Паненко Добровольского","г.Ростов н/Д, ул.Добровольского 1/3",237
438,Ростов-на-Дону,"ИП Паненко ул.Космонавтов","г.Ростов н/Д, ул.Космонавтов 22",238
439,Ростов-на-Дону,"ИП Панин А И ул Шолохова 193","он же",NULL
440,Ростов-на-Дону,"ИП Панин А И ул Новолесная 6/3","г Ростов-на-Дону ул Новолесная 6/3",239
441,Ростов-на-Дону,"ИП Панин А,И. ул.Новолесная 6/3","г.Ростов-на-Дону ул.Новолесная 6/3",240
442,Ростов-на-Дону,"ИП Панин А,И. ул.Новолесная 6/3","г.Ростов-на-Дону, ул.Новолесная 6/3",241
443,Ростов-на-Дону,"ИП Панин А. И. ул. Пацаева, 16/1","ул. Пацаева 16/1",242
444,Ростов-на-Дону,"ИП Панин А.И. ,ул. Шолохова,193",-,NULL
445,Ростов-на-Дону,"ИП Панин А.И. ,ул. Шолохова,193","он же",NULL
446,Ростов-на-Дону,"ИП Панин А.И. пр.40 лет Победы,37ж",-,NULL
447,Ростов-на-Дону,"ИП Панин А.И. пр.40 лет Победы,73/15","пр.40 лет Победы 73/15",243
448,Ростов-на-Дону,"ИП Панин А.И. пр.40 лет Победы,79/15",-,NULL
449,Ростов-на-Дону,"ИП Панин А И пр 40 лет Победы 312 Б","он же",NULL
450,Ростов-на-Дону,"ИП Панин А.И. пр.40 лет Победы,312 Б",-,NULL
451,Ростов-на-Дону,"ИП Панин А.И. пр.40 лет Победы,312 Б","он же",NULL
452,Ростов-на-Дону,"ИП Панин А.И. пр.40 лет Победы,312 Б","он же",NULL
453,Ростов-на-Дону,"ИП Панин А.И. пр.Буденовский , 120/1","пр.Буденовский , 120/1",244
454,Ростов-на-Дону,"ИП Панин А.И.,ул. Закруткина,35/2","г.Ростов-на-Дону ул.Закруткина 35/2",245
455,Ростов-на-Дону,"ИП Панин А.И.,ул. Закруткина,35/2","г.Ростов-на-Дону,ул.Закруткина,35/2",246
456,Ростов-на-Дону,"ИП Панин, ул. Орская 14/18","г. Ростов-на-Дону,ул Орская 14/18",247
457,Ростов-на-Дону,"ИП Панин, ул.Станиславского, 106/28","ул. Станиславского 106/28",248
458,Ростов-на-Дону,"ИП Панин, ул.Станиславского, 106/28","ул. Станиславского, 106/28",249
459,Ростов-на-Дону,"ИП Папченко О.А.","М.-Курган, Московская, 65",250
460,Ростов-на-Дону,"ИП ПАРОЛЛО Е.А.",-,NULL
461,Ростов-на-Дону,"ИП Паролло С.Е.",-,NULL
462,Ростов-на-Дону,"ИП Печак И А","г Шахты ул Индустриальная7 а пав 30",251
463,Ростов-на-Дону,"ИП Печак И.А.","г.Шахты ул. Индустриальная7 а пав.30",252
464,Ростов-на-Дону,"ИП Печак И.А.","г.Шахты,ул. Индустриальная7 а пав.30",253
465,Ростов-на-Дону,"ИП Пипа Е Н","ст Староминская с Елизаветовка ул Дзержинского 31",254
466,Ростов-на-Дону,"ИП Пипа Е.Н.","он же",NULL
467,Ростов-на-Дону,"ИП Пипа Е.Н.","ст.Староминская, с.Елизаветовка, ул.Дзержинского 31.",255
468,Ростов-на-Дону,"ИП Писаренко И.С.","с.Круглое, ул.Мира, 64в",256
469,Ростов-на-Дону,"ИП Пиямовар Бахрам Яшарович","Ростовская обл.,Зимовниковский р-н,ул.Дзержинского,50",257
470,Ростов-на-Дону,"ИП Планидина О С","г Ростов-на-Дону ул 40лет Победы 37ж",258
471,Ростов-на-Дону,"ИП Планидина О. С.","г. Ростов-на-Дону ул. 40лет Победы 37ж",259
472,Ростов-на-Дону,"ИП Поволоцкая Т. А.","ТЦ "Меркурий" Орская,31, Магазин "Татьян",260
473,Ростов-на-Дону,"ИП Поволоцкая Т. А.","ул.Каскадная, 308 (Сады)",261
474,Ростов-на-Дону,"ИП Подгорбунская",-,NULL
475,Ростов-на-Дону,"ИП Попова Л.А.",-,NULL
476,Ростов-на-Дону,"ИП Порядина С.В.","он же",NULL
477,Ростов-на-Дону,"ИП Прокопенко Е.А.","Азовский р-он. г.Азов ул.Кондаурова д.3",262
478,Ростов-на-Дону,"ИП Прокопенко Е.А. Набережная 24","Азовский р-он. с. Маргаритово ул.Набережная 24",263
479,Ростов-на-Дону,"ИП Прокопенко Е.А. Фрунзе 2а","Азовский р-он. с. Маргаритово, ул Фрунзе 2а",264
480,Ростов-на-Дону,"ИП Прокудин В А","он же",NULL
481,Ростов-на-Дону,"ИП Прокудин В.А.",-,NULL
482,Ростов-на-Дону,"ИП Прокудин В.А.","он же",NULL
483,Ростов-на-Дону,"ИП Пронь К.Ю.","г.Батайск, ул.К.Цеткиной, 56",265
484,Ростов-на-Дону,"ИП Проценко",-,NULL
485,Ростов-на-Дону,"ИП Рева И.И.","М.Курганский р-н, с. Староротовка, ул.Дружбы 61",266
486,Ростов-на-Дону,"ИП Романов Р Н","он же",NULL
487,Ростов-на-Дону,"ИП Романов Р.Н.",-,NULL
488,Ростов-на-Дону,"ИП Рощенко А.В.","Новочеркасск, ул.Пушкинская, 109, м-н "Славянский"",267
489,Ростов-на-Дону,"ИП Рубанов Я.В.","г.Донецк, ул.Василевского, 77",268
490,Ростов-на-Дону,"ИП Рукавичкин В.В.","Белая Калитва,ул Светлая 6 в корпус 10 м-н Сладкий каприз",269
491,Ростов-на-Дону,"ИП Рукавичкин В В","ИП Руковичкина В В 347042 Ростовская обл г Белая Калитва ул Энгелься 15/13",270
492,Ростов-на-Дону,"ИП Рукавичкин В.В.","ИП Руковичкина В.В. 347042 Ростовская обл. г.Белая Калитва ул.Энгелься 15/13",271
493,Ростов-на-Дону,"ИП Рукавичкин В.В.","ИП Руковичкина В.В.,347042,Ростовская обл., г.Белая Калитва,ул.Энгелься 15/13",272
494,Ростов-на-Дону,"ИП Рыбалкина М.К.","п.Щепкино, СНТ Содружество, д.2405",273
495,Ростов-на-Дону,"ИП Рябова М.Н.","г. Ростов-на-Дону, Врубовая 40, пав.100",274
496,Ростов-на-Дону,"ИП Саввина 2",-,NULL
497,Ростов-на-Дону,"ИП Саввина В И","г Ростов-на-Дону 40 лет Победы 63/4 ла",275
498,Ростов-на-Дону,"ИП Саввина В.И.","г.Ростов-на-Дону 40 лет Победы 63/4 ла",276
499,Ростов-на-Дону,"ИП Саввина В.И.","г.Ростов-на-Дону, 40 лет Победы 63/4, ла",277
500,Ростов-на-Дону,"ИП Сальный О.Н.",-,NULL
501,Ростов-на-Дону,"ИП Сафарян Н.Г.",-,NULL
502,Ростов-на-Дону,"ИП Свидерский В.В.","Б.Неклиновка, Памятный, 5",278
503,Ростов-на-Дону,"ИП Своевольникова Н.С.","г.Миллерово, ул.Бабушкина, 35",279
504,Ростов-на-Дону,"ИП Севостьянова Л.К. с.Семибалки","с.Семибалки, ул.Луначарского, 13",280
505,Ростов-на-Дону,"ИП Севостьянова Л.К. х.Павло-Очаково","Азовский р-он., х. Павло-Очаково, ул. Победы 25",281
506,Ростов-на-Дону,"ИП Сенченко И.В.",-,NULL
507,Ростов-на-Дону,"ИП Сергеев П Н","он же",NULL
508,Ростов-на-Дону,"ИП Сергеев Петр Николаевич","г. Батайск, ул. М. Горького, 133",282
509,Ростов-на-Дону,"ИП Сикачева Е.В,","г.Азов ул.Ленина 68",283
510,Ростов-на-Дону,"ИП Сикачева Е.В,","г.Азов, ул.Ленина 68",284
511,Ростов-на-Дону,"ИП Син Мин Ок","г. Батайск, ул. Октябрьская, 118/2 ,магазин Восточная лавка",285
512,Ростов-на-Дону,"ИП Синякин В.И.","г.Ростов н/Д, ул.Стачки, 231",286
513,Ростов-на-Дону,"ИП Скибенко Татьяна Александровна","г Ростов-на-Дону Октябрьский район ул Петренко д 2",287
514,Ростов-на-Дону,"ИП Скибенко Татьяна Александровна","г. Ростов-на-Дону, Октябрьский район, ул. Петренко, д. 2",288
515,Ростов-на-Дону,"ИП Скоробогатая М.В.","Неклиновский р-н, с.Троицкое, ул.Ленина, 21а",289
516,Ростов-на-Дону,"ИП Скоробогатая М.В.","он же",NULL
517,Ростов-на-Дону,"ИП Скоробогатая М.В.2","Неклиновский р-н, с. Троицкое, ул. Ленина, 111",290
518,Ростов-на-Дону,"ИП Скутару В.В.","Донецк, ул.Боевая, 14а",291
519,Ростов-на-Дону,"ИП Снопков Е.В.","он же",NULL
520,Ростов-на-Дону,"ИП Солдатенко Н.В.","г.Таганрог,ул. Московская 6/2 торгговый комплекс Теремок м-н чай кофе",292
521,Ростов-на-Дону,"ИП Старостин С.В.344091, г.Ростов-на-Дону, ул. Извилистая,8А, кв.22","344041, г.Ростов-на-Дону, ул. Доватора, 19",293
522,Ростов-на-Дону,"ИП Стативко","с. стефанидинодар ул. кошевого 22",294
523,Ростов-на-Дону,"ИП Стахурский Н.А.","х.Поцелуев, ул.Центральная 20",295
524,Ростов-на-Дону,"ИП Степанян А.Л.","г.Ростов н/Д, ул.Социалистическая, 134",296
525,Ростов-на-Дону,"ИП Строителева М М","ИП Строителева М М 346330 Рост обл г Донецк ул Горького 67а",297
526,Ростов-на-Дону,"ИП Строителева М.М.","ИП Строителева М.М. 346330 Рост.обл.г.Донецк ул.Горького 67а",298
527,Ростов-на-Дону,"ИП Строителева М.М.","ИП Строителева М.М.,346330 Рост.обл.г.Донецк,ул.Горького,67а",299
528,Ростов-на-Дону,"ИП Сулим 2",-,NULL
529,Ростов-на-Дону,"ИП Сулим 2","он же",NULL
530,Ростов-на-Дону,"ИП Сундукова Г Н","г Батайск ул Крупской 25",300
531,Ростов-на-Дону,"ИП Сундукова Г.Н.","г.Батайск ул.Крупской 25",301
532,Ростов-на-Дону,"ИП Сундукова Г.Н.","г.Батайск, ул.Крупской 25",302
533,Ростов-на-Дону,"ИП Сундукова Г.Н.","г.Батайск, ул.Энгельса, 227 б",303
534,Ростов-на-Дону,"ИП Сусоров А.Н.","ул. оганова 39а (в автосервисах)",304
535,Ростов-на-Дону,"ИП Сысоева Н.В.","Неклиновский р-н, с.Синявское, ул.Первомайская 24б",305
536,Ростов-на-Дону,"ИП Сыч М.Я.","Каменский р-н, п.Молодлёжный, ул.Достоевского 4а",306
537,Ростов-на-Дону,"ИП Тадевосян",-,NULL
538,Ростов-на-Дону,"ИП Тадевосян","он же",NULL
539,Ростов-на-Дону,"ИП Тё В.В.","с.Кулешовка, ул.Ленина, 229",307
540,Ростов-на-Дону,"ИП Тимощук Т.С.","с.Малофёдоровка, ул.Мира, 1",308
541,Ростов-на-Дону,"ИП Титова Е.Ф.","ст.Чалова, ул.Горького, 92",309
542,Ростов-на-Дону,"ИП Ткачев В.П.",-,NULL
543,Ростов-на-Дону,"ИП Тодуа",-,NULL
544,Ростов-на-Дону,"ИП Токар Н.Г.","с.Русско-Лютино, ул.Социалистическая, 41",310
545,Ростов-на-Дону,"ИП Тонаканян Р.В.","Аксай, ул. Фрунзе, 18а",311
546,Ростов-на-Дону,"ИП Тоноян А.В.","он же",NULL
547,Ростов-на-Дону,"ИП Трипольский А О","он же",NULL
548,Ростов-на-Дону,"ИП Троянов В.И.",-,NULL
549,Ростов-на-Дону,"ИП Туркин С.М.","он же",NULL
550,Ростов-на-Дону,"ИП Туркин С.М.","п.Тарасовский, Ленина, 56а",312
551,Ростов-на-Дону,"ИП Турков С.В.","Азовский р-он. с. Кулешовка, ул. Ленина 295Б",313
552,Ростов-на-Дону,"ИП Турчанинова А.А.","азов васильева 81в",314
553,Ростов-на-Дону,"ИП Тютюнников А В","г каменск-Шахтинский Коммунистический 102 м-н Чай кофе",315
554,Ростов-на-Дону,"ИП Тютюнников А.В.","г.каменск-Шахтинский,Коммунистический 102 м-н Чай кофе",316
555,Ростов-на-Дону,"ИП Урвачев С.В.",-,NULL
556,Ростов-на-Дону,"ИП Устян","г Ростов н/Дону ул Вересаева р-к "Лидер"(Александр)",317
557,Ростов-на-Дону,"ИП Устян","г.Ростов н/Дону ул.Вересаева р-к "Лидер"(Александр)",318
558,Ростов-на-Дону,"ИП Устян","г.Ростов н/Дону, ул.Вересаева, р-к "Лидер"(Александр)",319
559,Ростов-на-Дону,"ИП Учителева Л.М.","Г.Ростов-на-Дону ул. Маршала Жукова 36/5",320
560,Ростов-на-Дону,"ИП Учителева Л.М.","Г.Ростов-на-Дону, ул. Маршала Жукова,36/5",321
561,Ростов-на-Дону,"ИП Федоренко Г.И.","с.Политотдельское, ул.Гардемана, 16",322
562,Ростов-на-Дону,"ИП Федотов А А","г Азов рынок",NULL
563,Ростов-на-Дону,"ИП Федотов А. А.","г.Азов рынок",323
564,Ростов-на-Дону,"ИП Федотов А. А.","г.Азов, рынок",324
565,Ростов-на-Дону,"ИП Филатова Н.Н.","Куйбышевский р-н, Б.Кирсановка, ул.Мира, 13а",325
566,Ростов-на-Дону,"ИП Филиппова Н.Е.","с.Русское, ул.Школьная, 12, кв.1",326
567,Ростов-на-Дону,"ИП Филипьева Н А","г Ейск ул Мичурина4",327
568,Ростов-на-Дону,"ИП Филипьева Н.А.","г.Ейск ул. Мичурина4",328
569,Ростов-на-Дону,"ИП Филипьева Н.А.","г.Ейск,ул. Мичурина4",329
570,Ростов-на-Дону,"ИП Фирсова В.П.","он же",NULL
571,Ростов-на-Дону,"ИП Фирсова В.П.","п.Тарасовский, Ленина, 41",330
572,Ростов-на-Дону,"ИП Ханджян В.А.","Рост.оюл. г. Зерноград,ул.Белинвкого22/47",331
573,Ростов-на-Дону,"ИП Хачатрян Гурген",-,NULL
574,Ростов-на-Дону,"ИП Хачатурян Карен",-,NULL
575,Ростов-на-Дону,"ИП Хачатурян Карен","он же",NULL
576,Ростов-на-Дону,"ИП Химченко Л.Г.","Матвеев-Курган, ул. 40 лет Пионерии, 35а",332
577,Ростов-на-Дону,"ИП Христо Наталья Владимировна","г. Ростов-на-Дону, ул. Врубовая, 34, база "Надежда", пав. 52",333
578,Ростов-на-Дону,"ИП Церунян А.Г.","г.Ростов н/Д, пр-т 40 лет Победы, 97В",334
579,Ростов-на-Дону,"ИП Чалов А",г.Азов,NULL
580,Ростов-на-Дону,"ИП Чартия Б. И.","Ростов-на-Дону, ул. Ларина 24/1",335
581,Ростов-на-Дону,"ИП Частникова",-,NULL
582,Ростов-на-Дону,"ИП Чернова Т.Н.","Азовский р-он. с.Пешково, пр-т. Октябрьский 8 б",336
583,Ростов-на-Дону,"ИП Чопенко В.Д.","х.Волченский, ул. Шахтерская, 90а",337
584,Ростов-на-Дону,"ИП Чумаков С.Ю.","Ст.Егорлыкская,пер.Первомайский,155б.",338
585,Ростов-на-Дону,"ИП Чумакова Н В","ИП Чумакова Н В 347740 РФ Ростов обл г Зерноград пер Селекционный 13а",339
586,Ростов-на-Дону,"ИП Чумакова Н.В.","ИП Чумакова Н.В. 347740 РФ Ростов.обл.г.Зерноград пер.Селекционный 13а",340
587,Ростов-на-Дону,"ИП Чумакова Н.В.","ИП Чумакова Н.В.,347740,РФ, Ростов.обл.г.Зерноград,пер.Селекционный,13а",341
588,Ростов-на-Дону,"ИП Чупенко В.Д.","он же",NULL
589,Ростов-на-Дону,"ИП Чуприн С В","Александровский рынок",342
590,Ростов-на-Дону,"ИП Чуприн С.В.","Александровский рынок",NULL
591,Ростов-на-Дону,"ИП Шабли","г.Новочеркасск, ул.Макаренко, 42",343
592,Ростов-на-Дону,"ИП Шабли Макаренко, 42","г.Новочеркасск, ул.Макаренко, 42",NULL
593,Ростов-на-Дону,"ИП Шакарян С.С.","г.Ростов н/Д, ул.Туполева, 7а",344
594,Ростов-на-Дону,"ИП Шаповалова Л.А.","он же",NULL
595,Ростов-на-Дону,"ИП Шаповалова Л.А.","х.Красный Десант, ул.Октябрьская, 37",345
596,Ростов-на-Дону,"ИП Шапорева И.О.","ИП Шапорева 347045 Рост.обл.г.Белая Калитва ул.Энгелься 47",346
597,Ростов-на-Дону,"ИП Шапорева И.О.","ИП Шапорева,347045,Рост.обл.г.Белая Калитва, ул.Энгелься 47,",347
598,Ростов-на-Дону,"ИП Шарлай Г.В.","Тарасовка, ул. мира 84",348
599,Ростов-на-Дону,"ИП Шевлюга Елена Борисовна","г.Ростов-на-Дону, пер.Жлобинский, 25",349
600,Ростов-на-Дону,"ИП Шеманович М.Э.","Ростов н/Д, _x001F__x001F_пер.энергетиков 2",350
601,Ростов-на-Дону,"ИП Шемет","он же",NULL
602,Ростов-на-Дону,"ИП Яковуша Н.В.",-,NULL
603,Ростов-на-Дону,"ИП Яничкина Е.А.","г.Аксай, ул.Садовая 20/2",351
604,Ростов-на-Дону,"ИП Яровенко А.И.","х.Халыба-Адабашев, ул.Молодёжная, 18",352
605,Ростов-на-Дону,"ИП Ярцева А.А.","п.Глубокий, ул.Ленина 123",353
606,Ростов-на-Дону,"ИП Яцына Н.В.","он же",NULL
607,Ростов-на-Дону,"Исаев И.Р. ИП","он же",NULL
608,Ростов-на-Дону,"Исаева Е.Н. ИП","он же",NULL
609,Ростов-на-Дону,"ИП Исакова А.С.","он же",NULL
610,Ростов-на-Дону,"Казачок ООО","он же",NULL
611,Ростов-на-Дону,"ИП Каймакова Т.А.",-,NULL
612,Ростов-на-Дону,"ИП Каймакова Т.А.","он же",NULL
613,Ростов-на-Дону,"Каменское РАЙПО","347800 Ростовская обл г Каменск-Шахтинский ул Профильная 33",354
614,Ростов-на-Дону,"Каменское РАЙПО","347800 Ростовская обл. г.Каменск-Шахтинский ул.Профильная 33",355
615,Ростов-на-Дону,"Каменское РАЙПО","347800 Ростовская обл.,г.Каменск-Шахтинский,ул.Профильная 33",356
616,Ростов-на-Дону,"Карпович М","г Азов рынок",NULL
617,Ростов-на-Дону,"Карпович М","г.Азов рынок",NULL
618,Ростов-на-Дону,"Карпович М","г.Азов, рынок",NULL
619,Ростов-на-Дону,"Карпович М","г.Азов, рынок",NULL
620,Ростов-на-Дону,"Карташева Т.Н. ИП ул. Ленина","он же",NULL
621,Ростов-на-Дону,"ИП Килафян Т Р","Рост обл Мясник р-н с Чалтырь ул Ростов",357
622,Ростов-на-Дону,"ИП Килафян Т.Р.","Рост.обл. Мясник.р-н с.Чалтырь ул.Ростов",358
623,Ростов-на-Дону,"ИП Килафян Т.Р.","Рост.обл.,Мясник.р-н,с.Чалтырь,ул.Ростов",359
624,Ростов-на-Дону,Кладовщик,-,NULL
625,Ростов-на-Дону,Кладовщик,"он же",NULL
626,Ростов-на-Дону,Козлов,"он же",NULL
627,Ростов-на-Дону,"ИП Колесникова С.П.","г.Донецк, ул.Садовая, 12",360
628,Ростов-на-Дону,"Колосс ООО","он же",NULL
629,Ростов-на-Дону,"Копылова О.И. ИП","он же",NULL
630,Ростов-на-Дону,"ИП Коробейникова ЕП",-,NULL
631,Ростов-на-Дону,"ИП Коробейникова ЕП","он же",NULL
632,Ростов-на-Дону,"Королева В И",Таганрог,NULL
633,Ростов-на-Дону,"ИП Королёва Т.С.","он же",NULL
634,Ростов-на-Дону,"КОррекция ЦС",-,NULL
635,Ростов-на-Дону,"КОррекция ЦС","он же",NULL
636,Ростов-на-Дону,"Корсунова Л.Н..ИП","он же",NULL
637,Ростов-на-Дону,Кравченко,-,NULL
638,Ростов-на-Дону,"Кравченко О.В.ИП м-н Продукты","он же",NULL
639,Ростов-на-Дону,"Кравченко Р.В. ИП","он же",NULL
640,Ростов-на-Дону,"Краском ООО пр.Стачки, 11-а","он же",NULL
641,Ростов-на-Дону,"Краснянский М.Г. ИП","он же",NULL
642,Ростов-на-Дону,"ИП Крестофоровская О.В.","он же",NULL
643,Ростов-на-Дону,"Криворожский ф-л Миллеровского СПО с.Криворожье, ул. Моподежная, д.48","с.Криворожье, ул. Моподежная, д.48",361
644,Ростов-на-Дону,"Криворожский ф-л Миллеровского СПО х.Каменка, ул Почтовая, д.3","х.Каменка, ул Почтовая, д.3",362
645,Ростов-на-Дону,"Криворожский ф-л Миллеровского СПО х.Креничный, ул.Речная,36","х.Креничный, ул.Речная,36",363
646,Ростов-на-Дону,"Криворожский ф-л Миллеровского СПО, х.Екатериновка, ул.Юбилейная, 84","х.Екатериновка, ул.Юбилейная, 84",364
647,Ростов-на-Дону,"Криворожский ф-л Миллеровского СПО, х.Креничный, ул.Лесная, 2","х.Креничный, ул.Лесная, 2",365
648,Ростов-на-Дону,"Кристалл ООО Банк Генерала Лебедя","он же",NULL
649,Ростов-на-Дону,"Кристалл ООО м-н Кристалл","он же",NULL
650,Ростов-на-Дону,"Кузнецов Ф.И. ИП Таловская","он же",NULL
651,Ростов-на-Дону,"Кукава В.И. ИП ул. Мира","он же",NULL
652,Ростов-на-Дону,"Куличкин Г.В. ИП","он же",NULL
653,Ростов-на-Дону,"Кумскова А.Н. ИП","он же",NULL
654,Ростов-на-Дону,"Куриленко Г.М. ИП","он же",NULL
655,Ростов-на-Дону,"Курочкин В.Г. ИП","он же",NULL
656,Ростов-на-Дону,"Кухливский А.Г. ИП","он же",NULL
657,Ростов-на-Дону,"Лавров С.В. ИП","он же",NULL
658,Ростов-на-Дону,"Лагутина С.И. ИП","он же",NULL
659,Ростов-на-Дону,"Ланг П.И.ИП","он же",NULL
660,Ростов-на-Дону,"Левашова И.В. 1 20 лет РКК ИП","он же",NULL
661,Ростов-на-Дону,"Левашова И.В. ИП 1 м-н "Ирина"","он же",NULL
662,Ростов-на-Дону,"Лена Метелина",-,NULL
663,Ростов-на-Дону,"Лена Метелина","он же",NULL
664,Ростов-на-Дону,"Летина О.Н. ИП","он же",NULL
665,Ростов-на-Дону,"Лёша Шушарин",-,NULL
666,Ростов-на-Дону,"Лёша Шушарин",Ж,NULL
667,Ростов-на-Дону,Лиана,-,NULL
668,Ростов-на-Дону,"ООО "Лидер Юг"","г.Ростов н/Д, ул.Геологическая, 50",366
669,Ростов-на-Дону,"Липатова Л.В. ИП","он же",NULL
670,Ростов-на-Дону,"Листопадова Т.В. ИП","он же",NULL
671,Ростов-на-Дону,"Логанова Т.Г.ИП","он же",NULL
672,Ростов-на-Дону,"Лотос ООО с.Киселево","он же",NULL
673,Ростов-на-Дону,"Лучкина Н.В.ИП м-н Жар Птица","он же",NULL
674,Ростов-на-Дону,"Люкс ООО Коненкова","он же",NULL
675,Ростов-на-Дону,"Ляхов П.И ИП","он же",NULL
676,Ростов-на-Дону,"Мавлютова Л.Н. ИП м-н "Любава"","он же",NULL
677,Ростов-на-Дону,"Магазин "Мадам Завари"",-,NULL
678,Ростов-на-Дону,"ИП Мадатян С С 2","Таганрожское ш106",367
679,Ростов-на-Дону,"ИП Мадатян С.С. 2","Таганрогское ш106",368
680,Ростов-на-Дону,"ИП Мадатян С.С. 2","Таганрожское ш106",NULL
681,Ростов-на-Дону,"Мазурова Т.Н. ИП","он же",NULL
682,Ростов-на-Дону,"Максак А.В. ИП","он же",NULL
683,Ростов-на-Дону,"ИП Малыхин А.В.","он же",NULL
684,Ростов-на-Дону,"Марина Хорсъ",-,NULL
685,Ростов-на-Дону,"Марина Хорсъ","он же",NULL
686,Ростов-на-Дону,"ИП Маринченко Е.А.","х.Дячкино, ул.Мира, 30",369
687,Ростов-на-Дону,"Махмудов Т.Р. ИП ул.Колхозная","он же",NULL
688,Ростов-на-Дону,"ИП Мацаков С.С.","г.Ростов н/Д, пер.Крепостной, 16/36",370
689,Ростов-на-Дону,"Медведь ООО","он же",NULL
690,Ростов-на-Дону,"Мезенцев А.В. ИП","он же",NULL
691,Ростов-на-Дону,"Месропян С.Я. ИП Мичурина, 3-А","он же",NULL
692,Ростов-на-Дону,"Мечникова Акция","он же",NULL
693,Ростов-на-Дону,"Мечникова просрочка",-,NULL
694,Ростов-на-Дону,"Мечта ООО Восточная","он же",NULL
695,Ростов-на-Дону,"Миллеровское СПО",-,NULL
696,Ростов-на-Дону,"Миллеровское СПО","Миллеровское СПО 346130 Ростовская обл г Миллерово ул Советская 53",371
697,Ростов-на-Дону,"Миллеровское СПО","Миллеровское СПО,346130,Ростовская обл.,г.Миллерово,ул.Советская,53",372
698,Ростов-на-Дону,"Миллеровское СПО г.Миллерово","г.Миллерово, ул.Декабристов, 7",373
699,Ростов-на-Дону,"Миллеровское СПО ГорПО х.Долотинка","х.Долотинка, ул.Школьная, 39, м-н 7",374
700,Ростов-на-Дону,"Миллеровское СПО с.Дёгтево","с.Дёгтево, ул.Российская, 10, м-н 25",375
701,Ростов-на-Дону,"Миллеровское СПО с.Поповка","с.Поповка, ул.Еленовская, 1, м-н 13",376
702,Ростов-на-Дону,"Миллеровское СПО х.Долотинка","х.Долотинка, ул.Школьная, 39, м-н 7",NULL
703,Ростов-на-Дону,"Миллеровское СПО х.Хмызов","х.Хмызов, ул.Ленина, 9 , м-н 52",377
704,Ростов-на-Дону,"Мирошник И.А. ИП Индустриальная","он же",NULL
705,Ростов-на-Дону,"Мирющенко С.В. ИП","он же",NULL
706,Ростов-на-Дону,"Мисиков С.В. ИП","он же",NULL
707,Ростов-на-Дону,"Мишаян Р.К.","он же",NULL
708,Ростов-на-Дону,"Мищенко Т.В. ИП","он же",NULL
709,Ростов-на-Дону,"Мкртчян Л.М. ИП ул. Ионова 63","он же",NULL
710,Ростов-на-Дону,"Мкртчян Л.М.ИП 2 ул. Пролетарка","он же",NULL
711,Ростов-на-Дону,"Мкртчян Л.М.ИП пер.Дачная(250а) - Чкалова","он же",NULL
712,Ростов-на-Дону,"Могилевич И.П. ИП","он же",NULL
713,Ростов-на-Дону,"Молчанов А.И, ИП","он же",NULL
714,Ростов-на-Дону,"ИП Мрыхина Н.В.","он же",NULL
715,Ростов-на-Дону,"Муравина М.А. ИП пер.Курский, 41","он же",NULL
716,Ростов-на-Дону,"Мураль А.М. ИП","он же",NULL
717,Ростов-на-Дону,"Мухтаров В.А. ИП рынок Фаворит","он же",NULL
718,Ростов-на-Дону,"Надежда ООО Красный Сулин","он же",NULL
719,Ростов-на-Дону,"Надирян А.Н. ИП","он же",NULL
720,Ростов-на-Дону,"ООО "Надо Брать"346130 Ростовская обл.,г.Миллерово,ул. 3 Интернационала,33","346130 Ростовская обл.,г.Миллерово,ул. 3 Интернационала,33",378
721,Ростов-на-Дону,"Наймушин Александр",-,NULL
722,Ростов-на-Дону,"Наметышев А.В. ИП","он же",NULL
723,Ростов-на-Дону,Нана,-,NULL
724,Ростов-на-Дону,Нана,"он же",NULL
725,Ростов-на-Дону,"Настроение ООО","он же",NULL
726,Ростов-на-Дону,"Начальный А.В. ИП","он же",NULL
727,Ростов-на-Дону,"Неваленный С.В. ИП","он же",NULL
728,Ростов-на-Дону,Некондиция,-,NULL
729,Ростов-на-Дону,Некондиция,"он же",NULL
730,Ростов-на-Дону,"Нестеренко Б А",-,NULL
731,Ростов-на-Дону,"Нестеренко Б А","Варфоломеева 58/22 (угол 1-го переулка)",379
732,Ростов-на-Дону,"Нестеренко В.И. ИП","он же",NULL
733,Ростов-на-Дону,"Нестеренко М.Ю. ИП","он же",NULL
734,Ростов-на-Дону,"Нестерчук Л.Н. ИП","он же",NULL
735,Ростов-на-Дону,"Нетребская С.А. ИП","он же",NULL
736,Ростов-на-Дону,"Нетребская С.А. ИП отдел № 2","он же",NULL
737,Ростов-на-Дону,"Нечепуренко Е.А. ИП","он же",NULL
738,Ростов-на-Дону,"Нихаенко Е.В. ИП","он же",NULL
739,Ростов-на-Дону,"Новошинская А.В, ИП","он же",NULL
740,Ростов-на-Дону,"ОАО "ЮжВТИ"",-,NULL
741,Ростов-на-Дону,"ИП Оганян",-,NULL
742,Ростов-на-Дону,"ИП Оганян","он же",NULL
743,Ростов-на-Дону,"Олейник И.В ИП .1 м-н Ягель","он же",NULL
744,Ростов-на-Дону,"Олефиренко Н.А. ИП","он же",NULL
745,Ростов-на-Дону,"ООО ''Юлия"","Неклиновский р-н, с. Русский Колодец, ул.Мирная, 1",380
746,Ростов-на-Дону,"ООО "Алтай"","г.Ростов н/Д, ул.Тибетская, 36, район "Горизонта"",381
747,Ростов-на-Дону,"ООО "Альфа Импорт"",-,NULL
748,Ростов-на-Дону,"ООО "Альфа Импорт" 344111,г.Ростов-на-Дону,пр.40-летия Победы101",-,NULL
749,Ростов-на-Дону,"ООО "Апейрон"","ООО "Апейрон" г Ростов-на-Дону ул ул Социалистическая 74",382
750,Ростов-на-Дону,"ООО "Апейрон"","ООО "Апейрон" г.Ростов-на-Дону ул.ул.Социалистическая 74",383
751,Ростов-на-Дону,"ООО "Апейрон"","ООО "Апейрон" г.Ростов-на-Дону,ул.ул.Социалистическая, 74",384
752,Ростов-на-Дону,"ООО "Артель"","347630 Ростовская обл. г.Сальск ул.Фрунзе 1",385
753,Ростов-на-Дону,"ООО "Ассамблея"","Ростов н/Д, ул. Нариманова, 18",386
754,Ростов-на-Дону,"ООО "Ассоль"","Азовский Р-н. С.Пешково пер. Строительный 9",387
755,Ростов-на-Дону,"ООО "Ассорти-Плюс"",-,NULL
756,Ростов-на-Дону,"ООО "Ассорти-Трейдинг " 344034, г.Ростов-на-Дону ул.Портовая, 250/96",-,NULL
757,Ростов-на-Дону,"ООО "Афина"","105062,г.Москва,Лялин пер.,д.5/1,стр.1",388
758,Ростов-на-Дону,"ООО "БОР"","г.Новочеркас, ул.Московская 85",389
759,Ростов-на-Дону,"ООО "Василек"","Ростов-на-Дону, ул. Солидарности 22б",390
760,Ростов-на-Дону,"Вектор Агро ООО","он же",NULL
761,Ростов-на-Дону,"ООО "Вектор Агро"","346050, п.Тарасовский, ул.Октябрьская, 72 Тарасовского района Ростовской области",391
762,Ростов-на-Дону,"ООО "ВЕНТА",344013, г.Ростов-на-Дону, ул. Текучева, 37А, оф. 5","347360, Ростовская обл., г. Волгодонск, ул.Складская, 5Н,ИНН 6164105571, КПП 614345001",392
763,Ростов-на-Дону,"ООО "ВЕНТА",344013, г.Ростов-на-Дону, ул. Текучева, 37А, оф. 5","ООО "ВЕНТА",347210, Ростовская обл., Морозовский р-н, г. Морозовск, ул. К.Либкнехта 1",393
764,Ростов-на-Дону,"ООО "Венчер и К"",-,NULL
765,Ростов-на-Дону,"ООО "Вера"","г.Ростов н/Д, ул.Текучёва, 123/143",394
766,Ростов-на-Дону,"ООО "Виктория"",-,NULL
767,Ростов-на-Дону,"ООО "Виктория"","г Новочеркаск ул Народная 48 м-н Донская чаша",395
768,Ростов-на-Дону,"ООО "Виктория"","г.Новочеркаск ул.Народная 48 м-н Донская чаша",396
769,Ростов-на-Дону,"ООО "Виктория"","г.Новочеркаск,ул.Народная 48,м-н Донская чаша",397
770,Ростов-на-Дону,"ООО "ВИСМУТ"344038, г. Ростов-на-Дону, пр.Ленина, 99","ООО "ВИСМУТ",347210 Ростовская обл., г. Морозовский р-он,г.Морозовск ул.К.Либкнехта 1",398
771,Ростов-на-Дону,"ООО "ВкусДона"",-,NULL
772,Ростов-на-Дону,"ООО "ВкусДона"","г. Ростов-на-Дону, пер.Обский д.5/74",399
773,Ростов-на-Дону,"ООО "ВкусДона"","г Ростов-на-Дону ул Киргизская 38а",400
774,Ростов-на-Дону,"ООО "ВкусДона"","г. Ростов-на-Дону, ул. Киргизская, 38а",401
775,Ростов-на-Дону,"ООО "ВкусДона"","г.Донецк,ул.Горького,67",402
776,Ростов-на-Дону,"ООО "ВкусДона"","г.Ростов-на-Дону,ул.Можайская, 38/1",403
777,Ростов-на-Дону,"ООО "ВкусДона"","ООО "ВкусДона" г.Новочеркасск, ул.Машиностроителей 4",404
778,Ростов-на-Дону,"ООО "Гастроном Солнечный"","г.Батайск Шоссе Восточное 17в",405
779,Ростов-на-Дону,"ООО "Гаяне"","г.Ростов н/Д, ул.Казахская, 40",406
780,Ростов-на-Дону,"ООО "Герман"","Ростовская обл., г.Батайск, ул. Сальская, 44",407
781,Ростов-на-Дону,"ООО "Гинт"","Новочеркасск, п. Ключевой, ул.Центральная, 7",408
782,Ростов-на-Дону,"ООО "Гинт"","он же",NULL
783,Ростов-на-Дону,"ООО "Дар"","г.Таганрог, ул.Фрунзе, 62",409
784,Ростов-на-Дону,"ООО "Добрыня"","ул.Липовая 1 ( Ростовское море) за нал",410
785,Ростов-на-Дону,"ООО "ДонМаркет"","344094 Ростов-на-Дону Можайская 38/1",411
786,Ростов-на-Дону,"ООО "ДонМаркет"","344094 Ростов-на-Дону Можайская 38/1",NULL
787,Ростов-на-Дону,"ООО "ДонМаркет"","344094, Ростов-на-Дону, Можайская, 38/1",412
788,Ростов-на-Дону,"ООО "ДонМаркет"","344094, Ростов-на-Дону, Можайская, 38/1",NULL
789,Ростов-на-Дону,"ООО "ДонМаркет"","г.Ростов-на-Дону, пр-т Будёновский, д.12",413
790,Ростов-на-Дону,"ООО "ДонМаркет"","г.Ростов-на-Дону, ул.Сержатова 7/Конная 22",414
791,Ростов-на-Дону,"ООО "Донской Привоз"","Азовский р-он. п. Овощной ул. Горького 1",415
792,Ростов-на-Дону,"ООО "Елена"","г.Ростов н/Д, ул.Казахская, 69 б",416
793,Ростов-на-Дону,"ООО "Ермак"","353740 Краснодарский край ст.Ленинградская ул.Братская 1А универсам Ермак",417
794,Ростов-на-Дону,"ООО "Закрома"",-,NULL
795,Ростов-на-Дону,"ООО "Империал" Батайск","Батайск, Энгельса, 35",418
796,Ростов-на-Дону,"ООО "Империя"","Аксайский р-н, пос.Российский, ул.Молодёжная 64а",419
797,Ростов-на-Дону,"ООО "Империя"","он же",NULL
798,Ростов-на-Дону,"ООО "Интех"","344082 г. Ростов на Дону,ул.Береговая,8 оф.1504",420
799,Ростов-на-Дону,"ООО "Ириска"","Г.Таганрог,Котластроительный 25/1 кондитерская Ириска",421
800,Ростов-на-Дону,"ООО "Каприз"","344000 г.Ростов-на-Дону ул.Б.Садовая 8",422
801,Ростов-на-Дону,"ООО "Каприз"","344000 г.Ростов-на-Дону, ул.Б.Садовая, 8",423
802,Ростов-на-Дону,"ООО "Кармен"","346480 Рост.обл. р.п.Каменоломни(Октябрьский р-н) ул. им. Крупской д. 59 а",424
803,Ростов-на-Дону,"ООО "КАСКАД"","344022, г. Ростов-на-Дону, ул. Максима Горького, 199, кор. 4",425
804,Ростов-на-Дону,"ООО "Каскад"",-,NULL
805,Ростов-на-Дону,"ООО "Колибри"","344092, г. Ростов-на-Дону, ул. Добровольского, 5а",426
806,Ростов-на-Дону,"ООО "Колибри"","344092 г Ростов-на-Дону ул Добровольского 5а м-н продукты",427
807,Ростов-на-Дону,"ООО "Колибри"","344092, г. Ростов-на-Дону, ул. Добровольского, 5а м-н продукты",428
808,Ростов-на-Дону,"ООО "Колос" Красновка №54","х.Красновка, ул.Железнодорожная, м-н 54",429
809,Ростов-на-Дону,"ООО "Колос" Нижнемитякин №61","х.Нижнемитякин, ул.Правобережная, 66",430
810,Ростов-на-Дону,"ООО "КОПЕЙКА"","346130 г.Миллерово,ул.3 Интернационала33",431
811,Ростов-на-Дону,"ООО "Корона"","ул Комарова 24 м-н "Доступная коллекция"",432
812,Ростов-на-Дону,"ООО "Корона"","ул. Комарова 24 м-н "Доступная коллекция"",433
813,Ростов-на-Дону,"ООО "Корона"","ул. Комарова 24, м-н "Доступная коллекция"",434
814,Ростов-на-Дону,"ООО "Кофейный дом" Хорс" нов","он же",NULL
815,Ростов-на-Дону,"ООО "Кофейный дом" Хорсъ"",-,NULL
816,Ростов-на-Дону,"ООО "Кэйди"","г.Новочеркасск, ул.Горького, 23а",435
817,Ростов-на-Дону,"ООО "Кэйди" Мацоты","г.Новочеркасск, ул.Мацоты, 32",436
818,Ростов-на-Дону,"ООО "Лавр"","г.Ростов -на-Дону, ул. Комсомольская,3",437
819,Ростов-на-Дону,"ООО "ЛЕКС"",-,NULL
820,Ростов-на-Дону,"ООО "ЛЕКС"","347805 Ростовская обл г Каменск-Шахтинский пр К Маркса 54Б",438
821,Ростов-на-Дону,"ООО "ЛЕКС"","347805 Ростовская обл. г. Каменск-Шахтинский пр.К.Маркса 54Б",439
822,Ростов-на-Дону,"ООО "ЛЕКС"","347805, Ростовская обл.,г. Каменск-Шахтинский,пр.К.Маркса 54Б",440
823,Ростов-на-Дону,"ООО "Лилия"",-,NULL
824,Ростов-на-Дону,"ООО "Лилия"","г.Темрюк, г.Р. Люксембург, 35",441
825,Ростов-на-Дону,"ООО "Лилия"","он же",NULL
826,Ростов-на-Дону,"ООО "Максимум"","Горького 199",442
827,Ростов-на-Дону,"ООО "Мандарин"",-,NULL
828,Ростов-на-Дону,"ООО "Марина"","г.Таганрог, ул.Транспортная, 1",443
829,Ростов-на-Дону,"ООО "Маркет про"",-,NULL
830,Ростов-на-Дону,"ООО "МАРКЕТ"346130 РФ Ростовская обл г Миллерово ул 3 Интернационала33 КПП 614901001","346130 РФ Ростовская обл г Миллерово ул 3-го Интернационала 33",444
831,Ростов-на-Дону,"ООО "МАРКЕТ"346130 РФ,Ростовская обл.,г.Миллерово, ул.3 Интернационала33 ,КПП 614901001","346130 РФ Ростовская обл. г.Миллерово ул.3-го Интернационала 33",445
832,Ростов-на-Дону,"ООО "МАРКЕТ"346130 РФ,Ростовская обл.,г.Миллерово, ул.3 Интернационала33 ,КПП 614901001","346130,РФ,Ростовская обл. г.Миллерово,ул.3-го Интернационала,33",446
833,Ростов-на-Дону,"ООО "Маркетинг Агентство "БрендХаус"",-,NULL
834,Ростов-на-Дону,"ООО "Мелиоратор"","с.Кагальник, ул.Пролетарская, 82",447
835,Ростов-на-Дону,"ООО "Металлист"","он же",NULL
836,Ростов-на-Дону,"ООО "Миф"","г.Ростов н/Д, ул.Турмалиновская, 85",448
837,Ростов-на-Дону,"ООО "Модуль"","344010, г. Ростов-на-Дону, пр. Ворошиловский, 91/1",449
838,Ростов-на-Дону,"ООО "Намилан"","Варфоламеева 264/110",450
839,Ростов-на-Дону,"ООО "Намилан"","г.Ростов-на-Дону, ул.Варфоломеева 264/110",451
840,Ростов-на-Дону,"ООО "Наше Дело"","344011 г.Ростов-на-Дону ул.Башкирская, 14",452
841,Ростов-на-Дону,"ООО "Наше Дело"","344011 г Ростов-на-Дону ул Ларина 24/1",453
842,Ростов-на-Дону,"ООО "Наше Дело"","344011 г.Ростов-на-Дону ул.Ларина 24/1",454
843,Ростов-на-Дону,"ООО "Обь"","г.Волгодонск Ул.Черникова 14 - 90",455
844,Ростов-на-Дону,"ООО "Обь"","г.Волгодонск, Ул.Черникова 14 - 90",456
845,Ростов-на-Дону,"ООО "Онис"","ООО "Онис" ул.Социалистическая,114-116/22",457
846,Ростов-на-Дону,"ООО "ОПР"","ООО"ОПР"344002 г Ростов-на-Дону пр Буденновский 19а/55//50а",458
847,Ростов-на-Дону,"ООО "ОПР"","ООО"ОПР"344002 г.Ростов-на-Дону пр.Буденновский 19а/55//50а",459
848,Ростов-на-Дону,"ООО "ОПР"","ООО"ОПР"344002,г.Ростов-на-Дону,пр.Буденновский 19а/55//50а",460
849,Ростов-на-Дону,"ООО "Орбита"","347800 Ростовская обл г Каменск-Шахтинский ул Героев Пионеров д 25",461
850,Ростов-на-Дону,"ООО "Орбита"","347800, Ростовская обл., г. Каменск-Шахтинский, ул. Героев Пионеров д. 25",462
851,Ростов-на-Дону,"ООО "Пепино"","Ростов н/Д, Вавилова, 70",463
852,Ростов-на-Дону,"ООО "Пивоваренная компания "Балтика"","Филиал ООО "Пивоваренная компания "Балтика", г.Ростов-на-Дону,ул. Доватора146"а"",464
853,Ростов-на-Дону,"ООО "Пионер"",-,NULL
854,Ростов-на-Дону,"ООО "ПИОНЕР",347800 Рост.обл., г.Каменск-Шахтинский,пер.Коммунистический 89",-,NULL
855,Ростов-на-Дону,"ООО "Пит"","г Ростов-на-Дону пр 40 лет Победы 67/2",465
856,Ростов-на-Дону,"ООО "Пит"","г.Ростов-на-Дону пр.40 лет Победы 67/2",466
857,Ростов-на-Дону,"ООО "Пит"","г.Ростов-на-Дону,пр.40 лет Победы,67/2",467
858,Ростов-на-Дону,"ООО "Полянский С.В."","он же",NULL
859,Ростов-на-Дону,"ООО "Продмаг"",-,NULL
860,Ростов-на-Дону,"ООО "Простор 1"",-,NULL
861,Ростов-на-Дону,"ООО "ПРОФИТ"","344041, г. Ростов-на-Дону, ул. Ленточная, 1",468
862,Ростов-на-Дону,"ООО "Пчелка" 346130 Ростовская обл.,г.Миллерово,ул. 3 Интернационала,33","346130 Ростовская обл.,г.Миллерово,ул. 3 Интернационала,33",NULL
863,Ростов-на-Дону,"ООО "Ридер"","ООО "Ридер" ул.Садовая 11 г.Аксай",469
864,Ростов-на-Дону,"ООО "Росагроком"",-,NULL
865,Ростов-на-Дону,"ООО "Ростовская Электротехническая Компания"","г Ростов-на-Дону ул Лермонтовская 89а",470
866,Ростов-на-Дону,"ООО "Салют Дон" Мечникова","он же",NULL
867,Ростов-на-Дону,"ООО "СВЕТ-92"",-,NULL
868,Ростов-на-Дону,"ООО "Светлана"",-,NULL
869,Ростов-на-Дону,"ООО "СЛАЙС"","344009 г Ростов-на-Дону ул Зеленая 27а",471
870,Ростов-на-Дону,"ООО "СЛАЙС"","344009, г. Ростов-на-Дону, ул. Зеленая, 27а",472
871,Ростов-на-Дону,"ООО "Таганрогская Торговая Компания"","ООО "Таганрогская Торговая Компания" 347902Рост.обл.г.Таганрог Николаевское ш1/1",473
872,Ростов-на-Дону,"ООО "Таганрогская Торговая Компания"","ООО "Таганрогская Торговая Компания",347902Рост.обл.г.Таганрог, Николаевское ш1/1",474
873,Ростов-на-Дону,"ООО "Тайм"","он же",NULL
874,Ростов-на-Дону,"ООО "Тамара"","Аксай, ул. Садовая 22а",475
875,Ростов-на-Дону,"ООО "ТВС"","г.Ростов-на-Дону, ул.Штахановского, 21/3",476
876,Ростов-на-Дону,"ООО "Торговая компания Радуга"",-,NULL
877,Ростов-на-Дону,"ООО "Универсальная база"","ООО"Универсальная база" 347800Рост. обл. г.Каменск-Шахтинский ул.2-я Линия",477
878,Ростов-на-Дону,"ООО "Универсальная база"","ООО"Универсальная база",347800Рост. обл.,г.Каменск-Шахтинский ул.2-я Линия",478
879,Ростов-на-Дону,"ООО "Фирма "Едиконт "","344006 г.Ростов-на-Дону ул.Социалистическая,114-116/22",479
880,Ростов-на-Дону,"ООО "Фирма "Едиконт "","344006 г Ростов-на-Дону ул Социалистическая 114-116/22",480
881,Ростов-на-Дону,"ООО "Фирма "Едиконт"",-,NULL
882,Ростов-на-Дону,"ООО "ФИРМА ОРБИТА"","ООО "ФИРМА ОРБИТА", 3477800,Ростовская обл., г.Каменск-Шахтинский, ул.Героев Пионеров, 25",481
883,Ростов-на-Дону,"ООО "Флагман"","Азов, спуск Невского, 1",482
884,Ростов-на-Дону,"ООО "Флагман"","он же",NULL
885,Ростов-на-Дону,"ООО "Фрегат-14"","347800 Ростовская обл.г.Каменск-шахтинский ул.Геронв Пионеров д.25",483
886,Ростов-на-Дону,"ООО "Фрегат"",-,NULL
887,Ростов-на-Дону,"ООО "Экспресс"","г.Ростов н/Д, Социалистическая, 127",484
888,Ростов-на-Дону,"ООО "Эос"","г.Азов, пер.Колонтаевский, 141",485
889,Ростов-на-Дону,"ООО "ЮГБИЗНЕС-99"","354208 РФ Краснодарский край г. Сочи ул. Магистральная б/о "Сокол"",486
890,Ростов-на-Дону,"ООО "ЮГБИЗНЕС-99"","354208, РФ, Краснодарский край, г. Сочи, ул. Магистральная, б/о "Сокол"",487
891,Ростов-на-Дону,"ООО "Югтехэлектро"",-,NULL
892,Ростов-на-Дону,"ООО "Югтехэлектро"","г.Ростов на Дону ул. Обьединённая 77/1а",488
893,Ростов-на-Дону,"ООО ТД "Император"","ООО ТД "Император",346330,Рост.обл.,г.Донецк,ул.Горького,67а",489
894,Ростов-на-Дону,"ООО ТД "Тройка"",Кагальницкая,490
895,Ростов-на-Дону,Операторы,"он же",NULL
896,Ростов-на-Дону,"Орлов Эдуард","он же",NULL
897,Ростов-на-Дону,"ОСа ООО","он же",NULL
898,Ростов-на-Дону,"ООО "Торговый дом "Охотник"","ООО "Торговый дом "Охотник",г. Ростов-на-Дону, ул. Кущевская, 41/229",491
899,Ростов-на-Дону,"ИП Пальчинский Андрей Степанович","Ростовская обл., п.Орловский, ул. Степная, 16",492
900,Ростов-на-Дону,"Панаиотиди Э.Г. ИП","он же",NULL
901,Ростов-на-Дону,"ООО "Парус"","347800,г. Каменск-Шахтинский, ул. Ворошилова 5",493
902,Ростов-на-Дону,"Первичная профсоюзная организация ОАО"Севкавэлектроремонт"РостовскойОбластной организации Общественного объединения Всер","344002, г. Ростов-на-Дону, ул. М. Горького, 143",494
903,Ростов-на-Дону,"Петренко Т.Н. ИП м-н Березка","он же",NULL
904,Ростов-на-Дону,"Петренко Т.Н. ИП м-н Пикник","он же",NULL
905,Ростов-на-Дону,"Петренко Т.Н. ИП ул.Ленина 32","он же",NULL
906,Ростов-на-Дону,"Петров И.И. ИП Шахтинская","он же",NULL
907,Ростов-на-Дону,"ИП Петров Н.В.","он же",NULL
908,Ростов-на-Дону,"Петрова В.В. ИП","он же",NULL
909,Ростов-на-Дону,"Пешковское СПО","Пешковское СПО, с.Пешково, пер.Октябрьский, 1б",495
910,Ростов-на-Дону,"Пешковское СПО","Пешковское СПО,Головатовка, пер.Октябрьский, 20а",496
911,Ростов-на-Дону,"Пешковское СПО","Пешковское СПО,Головатовка, ул.Красноармейская, 21",497
912,Ростов-на-Дону,"Пешковское СПО","с.Головатовка, ул.Красноармейская, 21",498
913,Ростов-на-Дону,"Пивоваров В.В. ИП","он же",NULL
914,Ростов-на-Дону,"Пивоваров В.В. ИП ул. Короленко","он же",NULL
915,Ростов-на-Дону,"Пивоваров В.В. ИП ул. Молодогвардейцев","он же",NULL
916,Ростов-на-Дону,"Пивоваров В.В. ИП ул. Молодогвардейцев 34","он же",NULL
917,Ростов-на-Дону,"ИП Пигненкова Т.","г.Новошахтинск, Ц. Рынок",499
918,Ростов-на-Дону,"ИП Пищенко Н.Н.","Ростов н/Д, пр-т Сельмаш, 15б, рынок",500
919,Ростов-на-Дону,"ИП Планидина О. С.","г. Ростов-на-Дону, ул. 40лет Победы, 37ж",501
920,Ростов-на-Дону,"Погосян А.",-,NULL
921,Ростов-на-Дону,"Позднякова Л.И. И.П. Ленина, 64-А","он же",NULL
922,Ростов-на-Дону,"Покатилов И.И. ИП","он же",NULL
923,Ростов-на-Дону,Покупатель,-,NULL
924,Ростов-на-Дону,Покупатель,"он же",NULL
925,Ростов-на-Дону,"ИП Пономарева ГЗ",г.Азов,NULL
926,Ростов-на-Дону,"Попова В.И.",-,NULL
927,Ростов-на-Дону,"ИП Порядина С.В.",-,NULL
928,Ростов-на-Дону,"Потатуев К.А. ИП х.Пухляковская ул.Центральная 44","он же",NULL
929,Ростов-на-Дону,"ППО ЗАО "Центральный рынок"",-,NULL
930,Ростов-на-Дону,"Пугаева Е В",-,NULL
931,Ростов-на-Дону,"Раджабова К.Х. ИП Индустриальная, 7б, пав. 19","он же",NULL
932,Ростов-на-Дону,"Раджабова С.А. ИП","он же",NULL
933,Ростов-на-Дону,"Радик У","он же",NULL
934,Ростов-на-Дону,Редрикова,-,NULL
935,Ростов-на-Дону,"Рома Украина",-,NULL
936,Ростов-на-Дону,"Романютенко И.Н. ИП","он же",NULL
937,Ростов-на-Дону,"Ромашкина 2","он же",NULL
938,Ростов-на-Дону,"Ромашкина И Ф","г Батайск "Хитрый рынок"",502
939,Ростов-на-Дону,"Ромашкина И.Ф.","г.Батайск "Хитрый рынок"",503
940,Ростов-на-Дону,"Ромашкина И.Ф.","г.Батайск, "Хитрый рынок"",504
941,Ростов-на-Дону,"Ромашкина И.Ф.","г.Батайск, "Хитрый рынок"",NULL
942,Ростов-на-Дону,"Рощенко А.В. ИП","он же",NULL
943,Ростов-на-Дону,"Русина М.А. ИП","он же",NULL
944,Ростов-на-Дону,"Рыжкина Н.А. ИП ул. Центральная","он же",NULL
945,Ростов-на-Дону,"Савинцева М.М.ИП м-н Нинель,Натали,Творческая","он же",NULL
946,Ростов-на-Дону,"Савченко С.В. ИП Ленина","он же",NULL
947,Ростов-на-Дону,"Савченко С.В. ИП ул. Молодежная","он же",NULL
948,Ростов-на-Дону,"Савчук Т.В. ИП","он же",NULL
949,Ростов-на-Дону,"Садченко А.В. ИП Артем, ул.8марта,76а","он же",NULL
950,Ростов-на-Дону,"Сальникова Е.С. ИП пр-т. Чехова, 80","он же",NULL
951,Ростов-на-Дону,"Сапогова Т.П. ИП ул. Вокзальная п.Васильевский","он же",NULL
952,Ростов-на-Дону,"Саша Вьюнов",-,NULL
953,Ростов-на-Дону,"Саша Хорсъ",-,NULL
954,Ростов-на-Дону,"Саша Хорсъ акция",-,NULL
955,Ростов-на-Дону,"Сединкин А А",-,NULL
956,Ростов-на-Дону,"Сединкина И","г Сальск",505
957,Ростов-на-Дону,"Сединкина И.","г Сальск",NULL
958,Ростов-на-Дону,"Сединкина И.","г Сальск",NULL
959,Ростов-на-Дону,"Семейное ООО","он же",NULL
960,Ростов-на-Дону,"Семенов И И",-,NULL
961,Ростов-на-Дону,"Сергей Бэттлер",-,NULL
962,Ростов-на-Дону,"Сергей Горлов","он же",NULL
963,Ростов-на-Дону,"Сергей Сандер Логистик","он же",NULL
964,Ростов-на-Дону,"Сергей Хеладив","он же",NULL
965,Ростов-на-Дону,"Сидорова А.В. ИП","он же",NULL
966,Ростов-на-Дону,"ИП Сиротин Ю.В.","он же",NULL
967,Ростов-на-Дону,"Сиротин Ю.В. ИП","он же",NULL
968,Ростов-на-Дону,"Скакунова Т.Б. ИП","он же",NULL
969,Ростов-на-Дону,"Скоков Е.П. ИП","он же",NULL
970,Ростов-на-Дону,"СОС ООО","он же",NULL
971,Ростов-на-Дону,Сотрудники,-,NULL
972,Ростов-на-Дону,Сотрудники,"он же",NULL
973,Ростов-на-Дону,"Суровцев С.В.ИП","он же",NULL
974,Ростов-на-Дону,"ИП Сыч М.Я.","он же",NULL
975,Ростов-на-Дону,"Татев ООО","он же",NULL
976,Ростов-на-Дону,"Твердохлебова Н.Ю. ИП ул. Обухова","он же",NULL
977,Ростов-на-Дону,"Тимко И",-,NULL
978,Ростов-на-Дону,"Тимко И",Ж,NULL
979,Ростов-на-Дону,"Тимко Н В","он же",NULL
980,Ростов-на-Дону,"Тимко Н.В.",-,NULL
981,Ростов-на-Дону,"Тимко Н.В.","он же",NULL
982,Ростов-на-Дону,"Тимофеев Н.А. ИП п.Артем.","он же",NULL
983,Ростов-на-Дону,"Ткачева Н.Н. ИП","он же",NULL
984,Ростов-на-Дону,"Токарев Л.П. ИП","он же",NULL
985,Ростов-на-Дону,"ООО "Торговый дом "Охотник"","ООО "Торговый дом "Охотник"344002,г. Ростов-на-Дону, пр-т Ворошиловский, 25/107",506
986,Ростов-на-Дону,"ИП Трушкин А.","г. Батайск, ул. Комарова, 131 а",507
987,Ростов-на-Дону,"Убыкуненко Н.Г.ИП м. "Продукты"","он же",NULL
988,Ростов-на-Дону,"Уставщиков В.П. ИП","он же",NULL
989,Ростов-на-Дону,"Фадеева О.Б. ИП","он же",NULL
990,Ростов-на-Дону,"Фалчаари Д.В. ИП м-н "Фрегат"","он же",NULL
991,Ростов-на-Дону,"Фалчаари С.В. ИП м-н Спартак","он же",NULL
992,Ростов-на-Дону,"ИП Федотов А. А.","г.Азов, рынок",NULL
993,Ростов-на-Дону,"Феталиева Т.А. ИП","он же",NULL
994,Ростов-на-Дону,"Финаев Н.А. ИП м-н Ирина","он же",NULL
995,Ростов-на-Дону,"Форсайт ООО","он же",NULL
996,Ростов-на-Дону,"Футкова Е.А. ИП","он же",NULL
997,Ростов-на-Дону,"Хантимиров А.Р. ИП","он же",NULL
998,Ростов-на-Дону,"Хвича акция",-,NULL
999,Ростов-на-Дону,"ИП Ходжабян М.Б.","он же",NULL
1000,Ростов-на-Дону,"Холоденко И.В.ИП м-н Ева","он же",NULL
