id,Торг_точка_чистый_адрес
1,"п.Глубокий, ул.Артёма 44"
2,"Буденного 161"
3,"Ип Алиева Т.М. п.Газетный 39"
4,"ул Гвардейская 34-а"
5,"Ростов на Дону ул Калинина 10-А"
6,"Ростовская обл. г.Морозовск ул. Ворошилова 364/2"
7,"Ворошиловский 40"
8,"до 12часов"
9,Ж
10,"г Азов центр рынок"
11,"г.Азов, центр. рынок"
12,"г.Ростов н/Д, ул.Штахановского, 12"
13,"г Ростов-на-Дону Соборный 72/Малюгина"
14,"г.Ростов-на-Дону, Соборный 72/Малюгина"
15,"г.Ростов н/Д, ул.Народного Ополчения, 50/18"
16,"г Батайск Авиагородок"
17,"г.Батайск Авиагородок"
18,"г.Батайск,Авиагородок"
19,"Г.Батайск, Торговое кольцо 31, пав."Сувенир""
20,"х.Урывский, ул.Российская, 50"
21,"р-к Привоз"
22,"Азовский р-н, с. Маргаритово, ул.Луговая, 1"
23,"г. Ростов-на-Дону ул. Ц. Кунникова 8б"
24,"г Аксай ул Советская 6"
25,"344002, г. Ростов-на-Дону, пр. Буденовский, д.3/3"
26,"г.Батайск ул.Рабочая 88"
27,"г.Таганрог, ул. Александровская, 160а"
28,"Ростовская обл Белая Калитва ул Атаева 9а"
29,"Ростовская обл. Белая Калитва ул. Атаева 9а"
30,"Базарная 72 пав №6 (Ц рынок)"
31,"Базарная 72 пав.№6 (Ц. рынок)"
32,"344000 Россия г Ростов-на-Дону ул Горького 28/4"
33,"344000, Россия, г. Ростов-на-Дону, ул. Горького 28/4"
34,"г. Ростов-на-Дону, ул. Лермонтовская,102"
35,"г.Ростов н/Д, Верхояновский 11"
36,"г.Ростов н/Д, Черепахина 94/25"
37,"Ростовская обл г Морозовск ул Ворошилова 364/2"
38,"г.Донецк, ул.Ленинградская, 38"
39,"г.Донецк, ул.Молодёжная, 1"
40,"п.Тарасовский, ул.Кирова, 24"
41,"Куйбышево, ул.Пушкинская, 36а"
42,"п.Тарасовский, Ц.Рынок"
43,"р-к Днепровский"
44,"г Батайск ул Горького 133 рынок лар № 285"
45,"г.Новочеркасск ул Калинина 69"
46,"пр Ленина 22 ориентир "21 век""
47,"пр. Ленина 22 ориентир "21 век""
48,"пр. Ленина 22, ориентир "21 век""
49,"г. Ростов-на-Дону, ул. Жмайлова 21 а"
50,"г.Новочеркасск, ул.Ларина/Буденновская"
51,"344004г.Ростов -на-Дону,ул.Немировича-Данченко 78/6"
52,"г.Шахты Комуунистический/Советская 74"
53,"Азовский р-он., п. Пешково, ул.К.Маркса 35А"
54,"г Новочеркас ул Московская 2 магазин Мир"
55,"г.Новочеркас ул.Московская 2 магазин Мир"
56,"г.Новочеркас, ул.Московская 2,магазин Мир"
57,"классик № 883"
58,"Неклиновский р-н, с.Покровское, ул.Привокзальная, 4"
59,"Каменск-Шахтинский,ул.Щаденко 104 м-н "Элегия""
60,"Каменск -Шахтинский,ул. Советская 35 а"
61,"Рост.обл. г.Каменск-Шахтинский,ул.Советская 35 а"
62,"х.Таврический, ул.Мира, 30б"
63,"с. Отрадное, ул.Ленина, 43 м-н "Весна""
64,"Азовский р-он. п. Овощной, ул. Полевая 203"
65,"х.Плешаков, ул.Московская, 15"
66,"Г.Батайск Торговое кольцо 31 пав."Сувенир""
67,"г.Донецк, пер.Панфилова, 71"
68,"Врубовая 40"
69,"г.Каменск-Шахтинский, ул.Ленина, 1А,магазин "Спутник""
70,"п.Глубокий, ул.Артёма 141"
71,"Нансена 144 а"
72,"х.Некрасова Балка, ул.Светлая, 19"
73,"Ленина, 85, м-н "Суфле""
74,"Азов, ул.Кваша 10/Васильева 30"
75,"с.Троицкое, ул.Ленина 40а"
76,"г Таганрог ул Осипенко 48"
77,"г.Таганрог ул.Осипенко 48"
78,"г.Таганрог, ул.Осипенко,48"
79,"Азовский р-н, г.Азов, СНТ "Мичуринец-3", №205"
80,"Азов, ул.Победы 11а"
81,"347510,Ростовская область пос. Орловский, пер. Первомайский, 97"
82,"п.Ковалёвка, конечная остановка, м-н Продукты"
83,"Матвеев-Курган, ул.Шевченко, 73"
84,"с.В-Вознесенка, ул.Васильева, 28"
85,"г Батайск Луначарского 188 (р-к Заря)"
86,"г.Батайск Луначарского 188 (р-к Заря)"
87,"г.Батайск,Луначарского 188 (р-к Заря)"
88,"с.Пешково, ул.Луначарского, 102"
89,"Азовский р-он. с. Кулешовка, ул.Пролетарская 41а"
90,"М.-Курганский р-н, с.Каменно-Андрианово, ул.Центральная, 13"
91,"Донецк, ул.Подтёлкова 89"
92,"Азов, пер.Черноморский, рынок"
93,"Матвеев Курган, ул.Комсомольская, 60"
94,"г Аксай ул Ленина 16а"
95,"г.Аксай ул.Ленина 16а"
96,"г.Аксай, ул.Ленина,16а"
97,"р-к Северный м 43"
98,"р-к Северный м.43"
99,"р-к Северный, м.43"
100,"р-к Шайба"
101,"г Ростов-на-Дону ул Орбитальная 66 ""
102,"г. Ростов-на-Дону ул. Орбитальная 66 ""
103,"г. Ростов-на-Дону, ул. Орбитальная, 66 ""
104,"п.Сосны, ул.Кирова, 12"
105,"г Каменск-Шахтинский ул Ворошилова 161е м-н Уражай"
106,"г.Каменск-Шахтинский ул. Ворошилова 161е м-н Уражай"
107,"г.Каменск-Шахтинский,ул. Ворошилова 161е м-н Уражай"
108,"г.Новошахтинск ул.Советская 20"
109,"г.Новошахтинск, ул.Советская 20"
110,"Рост обл г Новочеркаск Платовский 77 азовский р-к павильон Виктория"
111,"Рост обл. г.Новочеркаск Платовский 77 азовский р-к павильон Виктория"
112,"Рост,обл. г.Новочеркаск,Платовский 77,азовский р-к павильон Виктория"
113,"344064, г. Ростов-на-Дону, 2-я Пятилетка, 12"
114,"344064, г. Ростов-на-Дону, ул. Немировича-Данченко, 78/3"
115,"г. Батайск, СЖМ 3/1, магазин "Олеся""
116,"Неклиновский р-н, с.Самбек, ул.Центральная, 10б"
117,Малокирсановка
118,"г Каменск-Шахтинский ул Ворошилова 14/16 м-н продукты"
119,"г.Каменск-Шахтинский,ул. Ворошилова 14/16 м-н продукты"
120,"Азов, пер. Литейный, 7"
121,"Краснодарский край,станица Кущевская, пер. Первомайский,101"
122,"ул.Туполева, 7"
123,"Донецк, ул. Водопроводная, 18"
124,"Новочеркасск, Войкова, 72"
125,"г.Таганрог, Мариупольское шоссе 27/1 м-н Одиссей"
126,"353741 Краснодарский край ст Ленинградская ул Светлая 66"
127,"353741,Краснодарский край,ст.Ленинградская,ул.Светлая,66"
128,"346050Рост обл п Тарасовский улОстровско 55"
129,"346050Рост.обл.п.Тарасовский улОстровско 55"
130,"346050Рост.обл.п.Тарасовский,улОстровско 55"
131,"с.Приморка, ул. Ленина 143 б"
132,"с.Весёло-Вознесенка, ул.Школьная, 1г"
133,"г Шахты ул г Шахты ул Дачная 2 а"
134,"г. Шахты ул. г. Шахты ул. Дачная 2 а"
135,"г.Ростов н/Д, ул.Мечникова, 79"
136,"х.Россошь, ул.Красноармейская, 34"
137,"М.Курган, ул.Комсомольская, 127"
138,"Каменск-Шахтинский пер Коммунистический 92"
139,"Каменск-Шахтинский пер.Коммунистический 92"
140,"Каменск-Шахтинский, пер.Коммунистический 92"
141,"х.Каменногорье, ул.Спортивная, 8б"
142,"Б.Калитва, ул.Калинина 8"
143,"п.Тарасовский, ул.Степная, 83"
144,"Азов, ул.Московская, 157"
145,"Таганрог, ул.Адмирала Крюйса, 23"
146,"346400Ростовская область г Новочеркаск ул Спортивная 23"
147,"346400Ростовская область,г.Новочеркаск,ул. Спортивная 23"
148,"Аксай, ул.Гулаева, 42"
149,"с.Займо-Обрыв, ул.Будённого, 49а"
150,"г. Ейск, Краснодарский край, ул. Мичурина, 4"
151,"г.Ростов н/Д, ул.Ладная, 8"
152,"Б.Неклиновка, Памятный 5"
153,"г Азов рынок"
154,"Камышеваха, ул.Риволи, 1"
155,"г Ростов-на-Дону пр Коммунистический 27"
156,"г.Ростов-на-Дону пр.Коммунистический 27"
157,"г.Ростов-на-Дону,пр.Коммунистический,27,"
158,"г.Керчь, ул. Шлагбаумская 49/2"
159,"г.Новочеркасск, ул.Тополиная, 73 (м-н Дионис)"
160,"ст. Митякинская, ул.Менжинского, 38"
161,"пос.Каменно-Тузловка, Социалистическая 19а"
162,"с.М.Неклиновка, ул.Заречная, 71"
163,"347540 Ростовская обл г Пролетарск пр 50 лет Октября 82/Первомайская"
164,"347540 Ростовская обл.г.Пролетарск пр.50 лет Октября 82/Первомайская"
165,"347540 Ростовская обл.г.Пролетарск, пр.50 лет Октября 82/Первомайская"
166,"г.Новочеркасск, ул.Фрунзе/Комитетская"
167,"347800 г Каменск-Шахтинский ул Ленина 79"
168,"347800 г.Каменск-Шахтинский ул. Ленина 79"
169,"347800 г.Каменск-Шахтинский,ул. Ленина 79"
170,"р-к Сельмаш"
171,"г. Ростов-на-Дону, ул. Чехова, 51"
172,Таганрог
173,"Матвеево-Курганский р-н, с.Анастасиевка, Ленина 64"
174,"с.Марфинка, ул.Центральная, 99"
175,"с.Покровское, ул.Привокзальная 52а"
176,"с.Рясное, ул.Комбайностроилей, 56а"
177,"Ростов н/Д, ул.Каскадная, 67"
178,"г Ростов-на-Дону Нахичевань"
179,"г.Ростов-на-Дону Нахичевань"
180,"г.Ростов-на-Дону,Нахичевань"
181,"г.Таганрог, Мариупольское шоссе, 21/2 "Кристалл""
182,"347803 г Каменск-Шахтинский ул Монтажников д 43б"
183,"347803, г. Каменск-Шахтинский, ул Монтажников, д. 43б"
184,"п.Тарасовский, ул.Мира, 96"
185,"г.Таганрог,пер.Гоголевский,29а"
186,"х.Груцынов, ул. Студенческая, 11"
187,"Очаковская ,87"
188,"Очаковская 87"
189,"п.Овощной, пер Цветочный 8"
190,"Ростовская обл пос Глубокий ул Вокзальная 187"
191,"Ростовская обл. пос. Глубокий ул. Вокзальная 187"
192,"с.Кулешовка, пер. Кулагина, 6а"
193,"Ольгинская, ул.Ленина, 147а"
194,"Таганрог,ул.Московская 6/2 торговый комплекс Теремок"
195,"Ростов н/Д, ул.Привокзальная, 3а"
196,"г.Ростов-на-Дону, ул.Малюгина 220/84"
197,"х.Юдино, ул.Лермонтова, 3"
198,"г.Азов, Кагальницкое ш., 37"
199,"Северный рынок пав №43 цокольный ряд"
200,"Северный рынок, пав. №43, цокольный ряд"
201,"г Таганрог пер Гоголевский 29а"
202,"г.Таганрог пер.Гоголевский 29а"
203,"Ростов н/Д, 20 линия, 26"
204,"Ростов н/Д, Днепропетровская 87"
205,"Краснод кр ст Староминская ул Новоясенская 131"
206,"Краснод. кр.ст.Староминская ул.Новоясенская 131"
207,"Краснод. кр.ст.Староминская ул.Новоясенская,131"
208,"Вавилова, 132 м-н Шоколад"
209,"Ростов н/Д, ул. Пирамидная, 4"
210,"Троллейбусная 10 (1 база)"
211,"Врубова 38 № 12"
212,"Врубова 38 № 44"
213,"Врубова,38 № 44"
214,"г. Шахты Артемовский р-к. пер. Татаркина 15"
215,"Аксайский р-н, п.Октябрьский, ул.Ленина, 48"
216,"346880, Ростовская обл., г. Батайск, ул. Энгельса 86"
217,"346880, Ростовская обл., г. Батайск, ул. Энгельса 227б"
218,"Куйбышевский р-н, с.Кульбатово, ул.Первомайская, 1"
219,"с.Покровское, 1254 км."
220,"Матвеев-Курган, Комсомольская, 1з"
221,г.Азов
222,"Азов, пер.Безымянный, 3"
223,"Азов, ул.Маяковского 77г м-н "Маячок""
224,"г Шахты ул Советская 66"
225,"г.Шахты ул.Советская 66"
226,"г.Шахты,ул.Советская 66"
227,"Б.Калитва, ул.Светлая, 7"
228,"ул Текучёва 30/11"
229,"с.Кагальник, П_x001F_ролетарская, 78а"
230,"г. Ростов-на-Дону, ул. Социалистическая, 1"
231,"г.Шахты, ул.Советская, 66"
232,"пос.Тарасовский ул стадионная 31г"
233,"Азовский р-он. п. Овощной, ул.Мира 12А"
234,"Матвеев-Курган, ул.Куйбышева, 45"
235,"Каменский р-н, х.Кочетовка, ул.Победы, 12"
236,"г.Ростов н/Д, ул.Бабушкина 3а"
237,"г.Ростов н/Д, ул.Добровольского 1/3"
238,"г.Ростов н/Д, ул.Космонавтов 22"
239,"г Ростов-на-Дону ул Новолесная 6/3"
240,"г.Ростов-на-Дону ул.Новолесная 6/3"
241,"г.Ростов-на-Дону, ул.Новолесная 6/3"
242,"ул. Пацаева 16/1"
243,"пр.40 лет Победы 73/15"
244,"пр.Буденовский , 120/1"
245,"г.Ростов-на-Дону ул.Закруткина 35/2"
246,"г.Ростов-на-Дону,ул.Закруткина,35/2"
247,"г. Ростов-на-Дону,ул Орская 14/18"
248,"ул. Станиславского 106/28"
249,"ул. Станиславского, 106/28"
250,"М.-Курган, Московская, 65"
251,"г Шахты ул Индустриальная7 а пав 30"
252,"г.Шахты ул. Индустриальная7 а пав.30"
253,"г.Шахты,ул. Индустриальная7 а пав.30"
254,"ст Староминская с Елизаветовка ул Дзержинского 31"
255,"ст.Староминская, с.Елизаветовка, ул.Дзержинского 31."
256,"с.Круглое, ул.Мира, 64в"
257,"Ростовская обл.,Зимовниковский р-н,ул.Дзержинского,50"
258,"г Ростов-на-Дону ул 40лет Победы 37ж"
259,"г. Ростов-на-Дону ул. 40лет Победы 37ж"
260,"ТЦ "Меркурий" Орская,31, Магазин "Татьян"
261,"ул.Каскадная, 308 (Сады)"
262,"Азовский р-он. г.Азов ул.Кондаурова д.3"
263,"Азовский р-он. с. Маргаритово ул.Набережная 24"
264,"Азовский р-он. с. Маргаритово, ул Фрунзе 2а"
265,"г.Батайск, ул.К.Цеткиной, 56"
266,"М.Курганский р-н, с. Староротовка, ул.Дружбы 61"
267,"Новочеркасск, ул.Пушкинская, 109, м-н "Славянский""
268,"г.Донецк, ул.Василевского, 77"
269,"Белая Калитва,ул Светлая 6 в корпус 10 м-н Сладкий каприз"
270,"ИП Руковичкина В В 347042 Ростовская обл г Белая Калитва ул Энгелься 15/13"
271,"ИП Руковичкина В.В. 347042 Ростовская обл. г.Белая Калитва ул.Энгелься 15/13"
272,"ИП Руковичкина В.В.,347042,Ростовская обл., г.Белая Калитва,ул.Энгелься 15/13"
273,"п.Щепкино, СНТ Содружество, д.2405"
274,"г. Ростов-на-Дону, Врубовая 40, пав.100"
275,"г Ростов-на-Дону 40 лет Победы 63/4 ла"
276,"г.Ростов-на-Дону 40 лет Победы 63/4 ла"
277,"г.Ростов-на-Дону, 40 лет Победы 63/4, ла"
278,"Б.Неклиновка, Памятный, 5"
279,"г.Миллерово, ул.Бабушкина, 35"
280,"с.Семибалки, ул.Луначарского, 13"
281,"Азовский р-он., х. Павло-Очаково, ул. Победы 25"
282,"г. Батайск, ул. М. Горького, 133"
283,"г.Азов ул.Ленина 68"
284,"г.Азов, ул.Ленина 68"
285,"г. Батайск, ул. Октябрьская, 118/2 ,магазин Восточная лавка"
286,"г.Ростов н/Д, ул.Стачки, 231"
287,"г Ростов-на-Дону Октябрьский район ул Петренко д 2"
288,"г. Ростов-на-Дону, Октябрьский район, ул. Петренко, д. 2"
289,"Неклиновский р-н, с.Троицкое, ул.Ленина, 21а"
290,"Неклиновский р-н, с. Троицкое, ул. Ленина, 111"
291,"Донецк, ул.Боевая, 14а"
292,"г.Таганрог,ул. Московская 6/2 торгговый комплекс Теремок м-н чай кофе"
293,"344041, г.Ростов-на-Дону, ул. Доватора, 19"
294,"с. стефанидинодар ул. кошевого 22"
295,"х.Поцелуев, ул.Центральная 20"
296,"г.Ростов н/Д, ул.Социалистическая, 134"
297,"ИП Строителева М М 346330 Рост обл г Донецк ул Горького 67а"
298,"ИП Строителева М.М. 346330 Рост.обл.г.Донецк ул.Горького 67а"
299,"ИП Строителева М.М.,346330 Рост.обл.г.Донецк,ул.Горького,67а"
300,"г Батайск ул Крупской 25"
301,"г.Батайск ул.Крупской 25"
302,"г.Батайск, ул.Крупской 25"
303,"г.Батайск, ул.Энгельса, 227 б"
304,"ул. оганова 39а (в автосервисах)"
305,"Неклиновский р-н, с.Синявское, ул.Первомайская 24б"
306,"Каменский р-н, п.Молодлёжный, ул.Достоевского 4а"
307,"с.Кулешовка, ул.Ленина, 229"
308,"с.Малофёдоровка, ул.Мира, 1"
309,"ст.Чалова, ул.Горького, 92"
310,"с.Русско-Лютино, ул.Социалистическая, 41"
311,"Аксай, ул. Фрунзе, 18а"
312,"п.Тарасовский, Ленина, 56а"
313,"Азовский р-он. с. Кулешовка, ул. Ленина 295Б"
314,"азов васильева 81в"
315,"г каменск-Шахтинский Коммунистический 102 м-н Чай кофе"
316,"г.каменск-Шахтинский,Коммунистический 102 м-н Чай кофе"
317,"г Ростов н/Дону ул Вересаева р-к "Лидер"(Александр)"
318,"г.Ростов н/Дону ул.Вересаева р-к "Лидер"(Александр)"
319,"г.Ростов н/Дону, ул.Вересаева, р-к "Лидер"(Александр)"
320,"Г.Ростов-на-Дону ул. Маршала Жукова 36/5"
321,"Г.Ростов-на-Дону, ул. Маршала Жукова,36/5"
322,"с.Политотдельское, ул.Гардемана, 16"
323,"г.Азов рынок"
324,"г.Азов, рынок"
325,"Куйбышевский р-н, Б.Кирсановка, ул.Мира, 13а"
326,"с.Русское, ул.Школьная, 12, кв.1"
327,"г Ейск ул Мичурина4"
328,"г.Ейск ул. Мичурина4"
329,"г.Ейск,ул. Мичурина4"
330,"п.Тарасовский, Ленина, 41"
331,"Рост.оюл. г. Зерноград,ул.Белинвкого22/47"
332,"Матвеев-Курган, ул. 40 лет Пионерии, 35а"
333,"г. Ростов-на-Дону, ул. Врубовая, 34, база "Надежда", пав. 52"
334,"г.Ростов н/Д, пр-т 40 лет Победы, 97В"
335,"Ростов-на-Дону, ул. Ларина 24/1"
336,"Азовский р-он. с.Пешково, пр-т. Октябрьский 8 б"
337,"х.Волченский, ул. Шахтерская, 90а"
338,"Ст.Егорлыкская,пер.Первомайский,155б."
339,"ИП Чумакова Н В 347740 РФ Ростов обл г Зерноград пер Селекционный 13а"
340,"ИП Чумакова Н.В. 347740 РФ Ростов.обл.г.Зерноград пер.Селекционный 13а"
341,"ИП Чумакова Н.В.,347740,РФ, Ростов.обл.г.Зерноград,пер.Селекционный,13а"
342,"Александровский рынок"
343,"г.Новочеркасск, ул.Макаренко, 42"
344,"г.Ростов н/Д, ул.Туполева, 7а"
345,"х.Красный Десант, ул.Октябрьская, 37"
346,"ИП Шапорева 347045 Рост.обл.г.Белая Калитва ул.Энгелься 47"
347,"ИП Шапорева,347045,Рост.обл.г.Белая Калитва, ул.Энгелься 47,"
348,"Тарасовка, ул. мира 84"
349,"г.Ростов-на-Дону, пер.Жлобинский, 25"
350,"Ростов н/Д, _x001F__x001F_пер.энергетиков 2"
351,"г.Аксай, ул.Садовая 20/2"
352,"х.Халыба-Адабашев, ул.Молодёжная, 18"
353,"п.Глубокий, ул.Ленина 123"
354,"347800 Ростовская обл г Каменск-Шахтинский ул Профильная 33"
355,"347800 Ростовская обл. г.Каменск-Шахтинский ул.Профильная 33"
356,"347800 Ростовская обл.,г.Каменск-Шахтинский,ул.Профильная 33"
357,"Рост обл Мясник р-н с Чалтырь ул Ростов"
358,"Рост.обл. Мясник.р-н с.Чалтырь ул.Ростов"
359,"Рост.обл.,Мясник.р-н,с.Чалтырь,ул.Ростов"
360,"г.Донецк, ул.Садовая, 12"
361,"с.Криворожье, ул. Моподежная, д.48"
362,"х.Каменка, ул Почтовая, д.3"
363,"х.Креничный, ул.Речная,36"
364,"х.Екатериновка, ул.Юбилейная, 84"
365,"х.Креничный, ул.Лесная, 2"
366,"г.Ростов н/Д, ул.Геологическая, 50"
367,"Таганрожское ш106"
368,"Таганрогское ш106"
369,"х.Дячкино, ул.Мира, 30"
370,"г.Ростов н/Д, пер.Крепостной, 16/36"
371,"Миллеровское СПО 346130 Ростовская обл г Миллерово ул Советская 53"
372,"Миллеровское СПО,346130,Ростовская обл.,г.Миллерово,ул.Советская,53"
373,"г.Миллерово, ул.Декабристов, 7"
374,"х.Долотинка, ул.Школьная, 39, м-н 7"
375,"с.Дёгтево, ул.Российская, 10, м-н 25"
376,"с.Поповка, ул.Еленовская, 1, м-н 13"
377,"х.Хмызов, ул.Ленина, 9 , м-н 52"
378,"346130 Ростовская обл.,г.Миллерово,ул. 3 Интернационала,33"
379,"Варфоломеева 58/22 (угол 1-го переулка)"
380,"Неклиновский р-н, с. Русский Колодец, ул.Мирная, 1"
381,"г.Ростов н/Д, ул.Тибетская, 36, район "Горизонта""
382,"ООО "Апейрон" г Ростов-на-Дону ул ул Социалистическая 74"
383,"ООО "Апейрон" г.Ростов-на-Дону ул.ул.Социалистическая 74"
384,"ООО "Апейрон" г.Ростов-на-Дону,ул.ул.Социалистическая, 74"
385,"347630 Ростовская обл. г.Сальск ул.Фрунзе 1"
386,"Ростов н/Д, ул. Нариманова, 18"
387,"Азовский Р-н. С.Пешково пер. Строительный 9"
388,"105062,г.Москва,Лялин пер.,д.5/1,стр.1"
389,"г.Новочеркас, ул.Московская 85"
390,"Ростов-на-Дону, ул. Солидарности 22б"
391,"346050, п.Тарасовский, ул.Октябрьская, 72 Тарасовского района Ростовской области"
392,"347360, Ростовская обл., г. Волгодонск, ул.Складская, 5Н,ИНН 6164105571, КПП 614345001"
393,"ООО "ВЕНТА",347210, Ростовская обл., Морозовский р-н, г. Морозовск, ул. К.Либкнехта 1"
394,"г.Ростов н/Д, ул.Текучёва, 123/143"
395,"г Новочеркаск ул Народная 48 м-н Донская чаша"
396,"г.Новочеркаск ул.Народная 48 м-н Донская чаша"
397,"г.Новочеркаск,ул.Народная 48,м-н Донская чаша"
398,"ООО "ВИСМУТ",347210 Ростовская обл., г. Морозовский р-он,г.Морозовск ул.К.Либкнехта 1"
399,"г. Ростов-на-Дону, пер.Обский д.5/74"
400,"г Ростов-на-Дону ул Киргизская 38а"
401,"г. Ростов-на-Дону, ул. Киргизская, 38а"
402,"г.Донецк,ул.Горького,67"
403,"г.Ростов-на-Дону,ул.Можайская, 38/1"
404,"ООО "ВкусДона" г.Новочеркасск, ул.Машиностроителей 4"
405,"г.Батайск Шоссе Восточное 17в"
406,"г.Ростов н/Д, ул.Казахская, 40"
407,"Ростовская обл., г.Батайск, ул. Сальская, 44"
408,"Новочеркасск, п. Ключевой, ул.Центральная, 7"
409,"г.Таганрог, ул.Фрунзе, 62"
410,"ул.Липовая 1 ( Ростовское море) за нал"
411,"344094 Ростов-на-Дону Можайская 38/1"
412,"344094, Ростов-на-Дону, Можайская, 38/1"
413,"г.Ростов-на-Дону, пр-т Будёновский, д.12"
414,"г.Ростов-на-Дону, ул.Сержатова 7/Конная 22"
415,"Азовский р-он. п. Овощной ул. Горького 1"
416,"г.Ростов н/Д, ул.Казахская, 69 б"
417,"353740 Краснодарский край ст.Ленинградская ул.Братская 1А универсам Ермак"
418,"Батайск, Энгельса, 35"
419,"Аксайский р-н, пос.Российский, ул.Молодёжная 64а"
420,"344082 г. Ростов на Дону,ул.Береговая,8 оф.1504"
421,"Г.Таганрог,Котластроительный 25/1 кондитерская Ириска"
422,"344000 г.Ростов-на-Дону ул.Б.Садовая 8"
423,"344000 г.Ростов-на-Дону, ул.Б.Садовая, 8"
424,"346480 Рост.обл. р.п.Каменоломни(Октябрьский р-н) ул. им. Крупской д. 59 а"
425,"344022, г. Ростов-на-Дону, ул. Максима Горького, 199, кор. 4"
426,"344092, г. Ростов-на-Дону, ул. Добровольского, 5а"
427,"344092 г Ростов-на-Дону ул Добровольского 5а м-н продукты"
428,"344092, г. Ростов-на-Дону, ул. Добровольского, 5а м-н продукты"
429,"х.Красновка, ул.Железнодорожная, м-н 54"
430,"х.Нижнемитякин, ул.Правобережная, 66"
431,"346130 г.Миллерово,ул.3 Интернационала33"
432,"ул Комарова 24 м-н "Доступная коллекция""
433,"ул. Комарова 24 м-н "Доступная коллекция""
434,"ул. Комарова 24, м-н "Доступная коллекция""
435,"г.Новочеркасск, ул.Горького, 23а"
436,"г.Новочеркасск, ул.Мацоты, 32"
437,"г.Ростов -на-Дону, ул. Комсомольская,3"
438,"347805 Ростовская обл г Каменск-Шахтинский пр К Маркса 54Б"
439,"347805 Ростовская обл. г. Каменск-Шахтинский пр.К.Маркса 54Б"
440,"347805, Ростовская обл.,г. Каменск-Шахтинский,пр.К.Маркса 54Б"
441,"г.Темрюк, г.Р. Люксембург, 35"
442,"Горького 199"
443,"г.Таганрог, ул.Транспортная, 1"
444,"346130 РФ Ростовская обл г Миллерово ул 3-го Интернационала 33"
445,"346130 РФ Ростовская обл. г.Миллерово ул.3-го Интернационала 33"
446,"346130,РФ,Ростовская обл. г.Миллерово,ул.3-го Интернационала,33"
447,"с.Кагальник, ул.Пролетарская, 82"
448,"г.Ростов н/Д, ул.Турмалиновская, 85"
449,"344010, г. Ростов-на-Дону, пр. Ворошиловский, 91/1"
450,"Варфоламеева 264/110"
451,"г.Ростов-на-Дону, ул.Варфоломеева 264/110"
452,"344011 г.Ростов-на-Дону ул.Башкирская, 14"
453,"344011 г Ростов-на-Дону ул Ларина 24/1"
454,"344011 г.Ростов-на-Дону ул.Ларина 24/1"
455,"г.Волгодонск Ул.Черникова 14 - 90"
456,"г.Волгодонск, Ул.Черникова 14 - 90"
457,"ООО "Онис" ул.Социалистическая,114-116/22"
458,"ООО"ОПР"344002 г Ростов-на-Дону пр Буденновский 19а/55//50а"
459,"ООО"ОПР"344002 г.Ростов-на-Дону пр.Буденновский 19а/55//50а"
460,"ООО"ОПР"344002,г.Ростов-на-Дону,пр.Буденновский 19а/55//50а"
461,"347800 Ростовская обл г Каменск-Шахтинский ул Героев Пионеров д 25"
462,"347800, Ростовская обл., г. Каменск-Шахтинский, ул. Героев Пионеров д. 25"
463,"Ростов н/Д, Вавилова, 70"
464,"Филиал ООО "Пивоваренная компания "Балтика", г.Ростов-на-Дону,ул. Доватора146"а""
465,"г Ростов-на-Дону пр 40 лет Победы 67/2"
466,"г.Ростов-на-Дону пр.40 лет Победы 67/2"
467,"г.Ростов-на-Дону,пр.40 лет Победы,67/2"
468,"344041, г. Ростов-на-Дону, ул. Ленточная, 1"
469,"ООО "Ридер" ул.Садовая 11 г.Аксай"
470,"г Ростов-на-Дону ул Лермонтовская 89а"
471,"344009 г Ростов-на-Дону ул Зеленая 27а"
472,"344009, г. Ростов-на-Дону, ул. Зеленая, 27а"
473,"ООО "Таганрогская Торговая Компания" 347902Рост.обл.г.Таганрог Николаевское ш1/1"
474,"ООО "Таганрогская Торговая Компания",347902Рост.обл.г.Таганрог, Николаевское ш1/1"
475,"Аксай, ул. Садовая 22а"
476,"г.Ростов-на-Дону, ул.Штахановского, 21/3"
477,"ООО"Универсальная база" 347800Рост. обл. г.Каменск-Шахтинский ул.2-я Линия"
478,"ООО"Универсальная база",347800Рост. обл.,г.Каменск-Шахтинский ул.2-я Линия"
479,"344006 г.Ростов-на-Дону ул.Социалистическая,114-116/22"
480,"344006 г Ростов-на-Дону ул Социалистическая 114-116/22"
481,"ООО "ФИРМА ОРБИТА", 3477800,Ростовская обл., г.Каменск-Шахтинский, ул.Героев Пионеров, 25"
482,"Азов, спуск Невского, 1"
483,"347800 Ростовская обл.г.Каменск-шахтинский ул.Геронв Пионеров д.25"
484,"г.Ростов н/Д, Социалистическая, 127"
485,"г.Азов, пер.Колонтаевский, 141"
486,"354208 РФ Краснодарский край г. Сочи ул. Магистральная б/о "Сокол""
487,"354208, РФ, Краснодарский край, г. Сочи, ул. Магистральная, б/о "Сокол""
488,"г.Ростов на Дону ул. Обьединённая 77/1а"
489,"ООО ТД "Император",346330,Рост.обл.,г.Донецк,ул.Горького,67а"
490,Кагальницкая
491,"ООО "Торговый дом "Охотник",г. Ростов-на-Дону, ул. Кущевская, 41/229"
492,"Ростовская обл., п.Орловский, ул. Степная, 16"
493,"347800,г. Каменск-Шахтинский, ул. Ворошилова 5"
494,"344002, г. Ростов-на-Дону, ул. М. Горького, 143"
495,"Пешковское СПО, с.Пешково, пер.Октябрьский, 1б"
496,"Пешковское СПО,Головатовка, пер.Октябрьский, 20а"
497,"Пешковское СПО,Головатовка, ул.Красноармейская, 21"
498,"с.Головатовка, ул.Красноармейская, 21"
499,"г.Новошахтинск, Ц. Рынок"
500,"Ростов н/Д, пр-т Сельмаш, 15б, рынок"
501,"г. Ростов-на-Дону, ул. 40лет Победы, 37ж"
502,"г Батайск "Хитрый рынок""
503,"г.Батайск "Хитрый рынок""
504,"г.Батайск, "Хитрый рынок""
505,"г Сальск"
506,"ООО "Торговый дом "Охотник"344002,г. Ростов-на-Дону, пр-т Ворошиловский, 25/107"
507,"г. Батайск, ул. Комарова, 131 а"
508,"Азовский р-он. с.Кагальник, ул. Советская 52а."
509,"Куйбышево, ул.Театральная, 25"
510,"г.Батайск, Хитрый рынок место 29-30 (Торговое кольцо, 33)"
511,"347360,Ростовская обл.,г.Волгодонск,"
512,"347360 Ростовская обл. г.Волгодонск ул.Бетонная 1"
513,"347360,Ростовская обл.,г.Волгодонск,ул.Бетонная,1"
514,"с.Андреево-Милентьево, ул.Победы, 30а"
515,"ООО "Солнечный круг" г Ростов-на-Дону пр Шолохова 282"
516,"ООО "Солнечный круг" г.Ростов-на-Дону пр.Шолохова 282"
517,"ООО "Солнечный круг",г.Ростов-на-Дону, пр.Шолохова,282"
518,"ООО "Солнечный круг",г.Ростов-на-Дону, пр.Шолохова,282 б"
519,"ООО "Солнечный круг", 346880, Россия, Ростовская обл., г. Батайск, р-н Северный массив, 7-в,ИНН 6166056087, КПП 614145002"
520,"ООО"Солнечный круг"344004,Россия, Ростовская обл., г.Ростов-на-Дону, пр. Стачки, 46,ИНН 6166056087, КПП 616245001"
521,"ООО"Солнечный круг"344004,Россия, Ростовская обл., г.Ростов-на-Дону, ул.Таганрогская,114е, ИНН 6166056087,КПП 616545002"
522,"ООО"Солнечный круг"344006,Россия, Ростовская обл., г.Ростов-на-Дону, просп.Ворошиловский, 18/18, ИНН 6166056087,КПП 616345001"
523,"ООО"Солнечный круг"344019,Россия, Ростовская обл., г.Ростов-на-Дону, ул.Мясникова,д.54/34/41,ИНН 6166056087, КПП 616732001"
524,"ООО"Солнечный круг"344020,Россия, Ростовская обл., г.Ростов-на-Дону,пр.20 лет Октября, 79-б,ИНН 6166056087, КПП 616632002"
525,"ООО"Солнечный круг"344020,Россия, Ростовская обл., г.Ростов-на-Дону,пр.Шолохова 45/2,ИНН 6166056087, КПП 616654004"
526,"ООО"Солнечный круг"344023,Россия, Ростовская обл., г.Ростов-на-Дону, пер.Богучарский,37ИНН 6166056087, КПП 616601001"
527,"ООО"Солнечный круг"344029,Россия, Ростовская обл., г.Ростов-на-Дону, ул.В.Пановой,д.33а,ИНН 6166056087, КПП 616632001"
528,"ООО"Солнечный круг"344032,Россия, Ростовская обл., г.Ростов-на-Дону, ул. Казахская, 107,ИНН 6166056087, КПП 616645002"
529,"ООО"Солнечный круг"344038, Россия, Ростовская обл., г.Ростов-на-Дону, пр.Ленина, д.72,ИНН 6166056087, КПП 616145001"
530,"ООО"Солнечный круг"344038,Россия, Ростовская обл., г.Ростов-на-Дону, пр.Ленина, 46а,ИНН 6166056087, КПП 616545001"
531,"ООО"Солнечный круг"344039, Россия,Ростовская обл., г.Ростов-на-Дону, ул.Мечникова,55-Б,ИНН 6166056087, КПП 616545003"
532,"ООО"Солнечный круг"344065,Россия, Ростовская обл., г.Ростов-на-Дону, пер.Днепровский, 109а,ИНН 6166056087, КПП 616645001"
533,"ООО"Солнечный круг"344072,Россия, Ростовская обл., г.Ростов-на-Дону, пр.40-летия Победы,д.63д,ИНН 6166056087, КПП 616745001"
534,"ООО"Солнечный круг"344095, Россия,Ростовскаяобл., г.Ростов-на-Дону, ул.Лелюшенко, 7б,ИНН 6166056087, КПП 616645003"
535,"ООО"Солнечный круг"344113, Россия,Ростовская обл.,г.Ростов-на-Дону, пр.Космонавтов №34,ИНН 6166056087, КПП 616145003"
536,"ООО"Солнечный круг"344114,Россия, Ростовская обл., г.Ростов-на-Дону, ул.Беляева,д.26а,ИНН 6166056087, КПП 616145002"
537,"ООО"Солнечный круг"346880, Россия, Ростовская обл. г.Батайск ул.Кирова 13,ИНН 6166056087, КПП 614145001"
538,1
539,б/а
540,"344069 г.Ростов-на-Дону ул. Оганова 33"
541,"344069, г.Ростов-на-Дону, ул. Оганова, 33"
542,"344069 г Ростов-на-Дону ул Оганова 33"
543,"г.Батайск ул.Воровского 55"
544,"г.Батайск ул.Воровского,55"
545,"г Батайск ул Воровского 55"
546,"пос Темерницкий ул Мира 2"
547,"пос. Темерницкий ул. Мира 2"
548,"352900,Россия,Краснодарский кр, г Армавир,с/т "Заря Востока", 676"
549,"352900 Россия Краснодарский кр г Армавир с/т "Заря Востока" 676"
550,"г. Новороссийск, ул. Алексеева, 22"
551,"г.Витязево ул.Черноморская 242 А"
552,"г Новороссийск ул Видова 83/69"
553,"г. Новороссийск ул. Видова 83/69"
554,"г. Новороссийск, ул. Видова, 83/69"
555,"г Ростов-на-Дону ул Волкова 41/2"
556,"г. Ростов-на-Дону ул. Волкова 41/2"
557,"г. Ростов-на-Дону, ул. Волкова, 41/2"
558,"г Ростов-на-Дону Станиславского 100"
559,"г.Ростов-на-Дону Станиславского 100"
560,"г.Ростов-на-Дону, Станиславского 100"
561,"с Успенское,ул Советская 57"
562,"г Таганрог ул Розы Люксембург 44 ун "Максима""
563,"г.Таганрог ул.Розы Люксембург 44 ун."Максима""
564,"г.Таганрог,ул.Розы Люксембург, 44, ун."Максима""
565,"Краснодарский кр., ст. Старощербиновская, ул. Ленина, 32"
566,"г.Ростов-на-Дону ул.Волкова 3/3"
567,"г.Ростов-на-Дону, ул.2-й Пятилетки 12\1"
568,"г Ростов-на-Дону ул 2-й Пятилетки 12\1"
569,"г.Ростов-на-Дону ул.2-й Пятилетки 12\1"
570,"г.Ростов-на-Дону, ул. Комарова 16/2"
571,"г Ростов-на-Дону ул Комарова 16/2"
572,"г.Ростов-на-Дону ул. Комарова 16/2"
573,"г.Ростов-на-Дону,ул.Космонавтов, 4"
574,"г.Ростов-на-Дону,ул.Орбитальная,88/1"
575,"г Ростов-на-Дону ул Орбитальная 88/1"
576,"г.Ростов-на-Дону ул.Орбитальная 88/1"
577,"г.Аксай, Луначарского 80"
578,"г Батайск Талолихина 32"
579,"г.Батайск.Талолихина 32"
580,"г Ростов-на-Дону ул Доватора 137"
581,"г. Ростов-на-Дону ул. Доватора 137"
582,"г. Ростов-на-Дону, ул. Доватора, 137"
583,"г Ростов-на-Дону ул Международная 57"
584,"г. Ростов-на-Дону ул.Международная 57"
585,"г. Ростов-на-Дону, ул.Международная 57"
586,"г.Ростов-на-Дону ул.Портовая 479"
587,"г.Анапа ул.Чехова 16"
588,"г Анапа ул Чехова 16"
589,"г.Ростов/Дон ул.Благодатная 166/Б"
590,"г.Ростов-на-Дону Буденовский 72"
591,"г.Анапа ул.Гребенская 117 А м-н Ассорти"
592,"г Анапа ул Гребенская 117 А м-н Ассорти"
593,"г.Батайск Авиагородок р-к в центре"
594,"г Батайск Авиагородок р-к в центре"
595,"г.Новороссийск ул.Чайковского 7 м-н Корзинка"
596,"г.Новороссийск ул.Дзержинского 219а Минимаркет 24"
597,"г.Новороссийск, ул. Южная 11"
598,"г. Ростов на Дону, ул. Черепахина94/25"
599,"г Ростов на Дону ул Черепахина94/25"
600,"г.Таганрог, Александровская, 78"
601,"г.Таганрог ул.Восточная 41"
602,"г Таганрог ул Восточная 41"
603,"г.Краснодар, пр. Репина, 5"
604,"г Ростов-на-Дону ул Ерёменко 60/10 м-н Молоко"
605,"г.Ростов-на-Дону ул.Ерёменко 60/10 м-н Молоко"
606,"г Ростов н/Д пр Космонавтов 9(магазинМОЛОКО)"
607,"г.Ростов н/Д пр.Космонавтов 9(магазинМОЛОКО)"
608,"г.Ростов н/Д,пр.Космонавтов,9(магазинМОЛОКО)"
609,"г.Ростов-на-Дону. ул. 5-я Линия, 2"
610,"г Ростов-на-Дону ул 45-я линия 13/87"
611,"г.Ростов-на-Дону ул.45-я линия 13/87"
612,"г.Ростов-на-Дону, ул.Буйнакская 3 а"
613,"г.Ростов-на-Дону пр.Космонавтов 1/26"
614,"г.Ростов-на-Дону, ул. Советская, 8"
615,"г. Ростов-на-Дону ул.Петрошевского 36"
616,"пос.Ясный, Кагальницкое шоссе, 11"
617,"Азовский р-он с Кулешовка ул Азовская"
618,"Азовский р-он с.Кулешовка ул.Азовская"
619,"г Аксай ул Чапаева 173"
620,"г.Аксай ул. Чапаева 173"
621,"г.Аксай, ул. Чапаева 173"
622,"г Краснодар ул Уральская 116 рынок Гарант"
623,"г.Новочеркасск ул.Баклановский 80"
624,"Азовский р-он с.Круглое ул.Мира, 73 (Школа)"
625,"г Ростов-на-Дону ул Комарова 20/2"
626,"г Ростов-на-Дону Газетный 39а"
627,"г.Ростов-на-Дону Газетный 39а"
628,"г.Ростов-на-Дону, Газетный,39а"
629,"400087 г. Волгоград ул. Новороссийская. 61"
630,"г.Ростов/Дон Горького 31"
631,"г.Ростов/Дон Горького,31"
632,"г.Ростов-на-Дону ул.19-я линия д.53"
633,"г.Шахты пр.Победа Революции 128"
634,"г Ростов-на-Дону ул Тибетская 36а"
635,"г. Ростов-на-Дону ул. Тибетская 36а"
636,"г. Ростов-на-Дону, ул. Тибетская, 36а"
637,"299014, г.Севастополь, пр. Гер.Сталинграда, 27"
638,"Ростовская обл., г.Аксай, ул.Садовая 18-б"
639,"г.Ростов-на-Дону, ул.Горсоветская 83"
640,"РО, с.Тюльпаны пер.Центральный 7, м-н "Ангелина""
641,"353250 Краснодар кр ст Новодмитриевская ул Горького 96"
642,"353250 Краснодар.кр. ст.Новодмитриевская ул.Горького 96"
643,"353250,Краснодар.кр.,ст.Новодмитриевская,ул.Горького, 96"
644,"г.Ростов/Дон ул.Спартаковская 3"
645,"г.Ростов/Дон ул.Спартаковская,3"
646,"г Батайск Коммунистический 86"
647,"г.Батайск Коммунистический 86"
648,"г.Батайск Коммунистический,86"
649,"г.Ростов н/Д,ул.Добровольского 20/1"
650,"г.Ростов н/Д ул.Добровольского 20/1"
651,"г Ростов-на-Дону ул 40 лет Победы 67/2"
652,"г Ростов-на-Дону ул М Горького д 28/41"
653,"г. Ростов-на-Дону, ул 40 лет Победы, 67/2"
654,"г. Ростов-на-Дону, пр. Космонавтов 16/32"
655,"г. Ростов-на-Дону пр. Космонавтов 16/32"
656,"г Ростов/Дон ул Социалистическая 74"
657,"г.Ростов/Дон ул. Социалистическая 74"
658,"ул Социалистическая 103/39"
659,"ул.Социалистическая 103/39"
660,"344058,г.Ростов-на-Дону,улДоватора,160/1"
661,"344058 г Ростов-на-Дону улДоватора 160/1"
662,"344058 г.Ростов-на-Дону улДоватора 160/1"
663,"г.Крымск ,ул Торговая 6"
664,"г Крымск ул Торговая 6"
665,"г.Ставрополь, ул.Лермонтова, 121"
666,"г.Ростов-на-Дону ул.Темерницкая 32"
667,"г.Ростов н/Д, ул. Серафимовича 38/33"
668,"г Ростов/н/Д ул 40-лет Победы 85/1"
669,"г. Ростов/н/Д ул.40-лет Победы 85/1"
670,"г. Ростов/н/Д, ул.40-лет Победы 85/1"
671,"г Аксай Вартанова 12/б"
672,"г.Аксай Вартанова 12/б"
673,"г.Аксай Вартанова,12/б"
674,"ст Старощербиновская ул Первомайская 149"
675,"ст.Старощербиновская ул.Первомайская 149"
676,"г.Ростов-на-Дону, ул. Ульяновская 41\Газетный 13"
677,"г Новочеркасск Бердичевского 8"
678,"г.Шахты пер.Шишкина 153 А"
679,"г Ростов-на-Дону ул Еременко 66\5"
680,"г.Ростов-на-Дону ул. Еременко 66\5"
681,"г Волгодонск ул Бетонная 1"
682,"г.Волгодонск ул. Бетонная 1"
683,"г.Волгодонск, ул. Бетонная, 1"
684,"г Ростов-на-Дону ул Курчатова 6а"
685,"г. Ростов-на-Дону ул. Курчатова 6а"
686,"г. Ростов-на-Дону ул. Курчатова,6а"
687,"385000 Адыгея Респ Майкоп г Пролетарская ул. 210; центр. рынок"
688,"с.Большая Мартыновка ул.Ленина 41"
689,"г.Таганрог ул.Ленина 224"
690,"г Новороссийск ул Вруцкого 8"
691,"г.Новороссийск ул.Волгоградская 44"
692,"г.Новороссийск, ул. Героев Десантников, 23"
693,"г.Новороссийск ул. Молодежная 28 А"
694,"г.Новороссийск, ул. Молодежная, 28 А"
695,"г.Новороссийск ул.Южная 21"
696,"Азовский р-н х.Павло-Очаковская Коса база Ассоль"
697,"РО Азовский р-н с. Пешково ул. Шолохова 3/2"
698,"РО, Азовский р-н, с. Пешково, ул. Шолохова, 3/2"
699,"г Ростов/Дон Капустина 18/3"
700,"г.Ростов/Дон Капустина 18/3"
701,"г.Ростов/Дон Капустина,18/3"
702,"г Темрюк ул Бувина 173"
703,"г. Темрюк, ул. Бувина, 173"
704,"г. Азов ул. Ленина 10"
705,"г Темрюк ул Ленина Терлецкий р-к место №30"
706,"г.Темрюк ул. Ленина Терлецкий р-к место №30"
707,"г.Темрюк, ул. Ленина, Терлецкий р-к, место №30"
708,"г Ростов-на-Дону пр Сельмаш 11"
709,"Черепахина 312/а"
710,"Черепахина,312/а"
711,"г.Ростов-на-Дону пр.Сельмаш 11"
712,"РнД ул. Королёва 27/б"
713,"РнД ул. Королёва,27/б"
714,"Ростов-на-Дону, ул. Королёва, 27/б"
715,"г.Батайск 50-Лет Октября,68"
716,"г.Батайск 50-Лет Октября 68"
717,"Темрюкский р-н п Приморский ул 255 Таманский Дивизии 44 маг "У Степан"
718,"г.Таганрог, ул. Выгонная"
719,"РнД ул. 20я Линия 76/88"
720,"г.Ростов-на-Дону ул.Пахотная 108"
721,"г.Ростов-на-Дону, ул.Пахотная, 108"
722,"г Азов Черноморский 62 б"
723,"г.Азов Черноморский 62 б"
724,"г.Азов, Черноморский, 62 б"
725,"г Ростов-на-Дону Станиславского 57"
726,"г.Ростов-на-Дону Станиславского 57"
727,"г.Ростов-на-Дону, Станиславского, 57"
728,"г Ростов-н-Д ул Обороны 77"
729,"г.Ростов-н-Д ул .Обороны 77"
730,"г.Ростов-н-Д, ул .Обороны, 77"
731,"г Азов ул Ленинградская 80"
732,"г Ростов-на-Дону ул Погодина 20/43"
733,"г.Ростов-на-Дону ул.Погодина 20/43"
734,"г Батайск ул Комсомольская 74"
735,"г.Батайск ул.Комсомольская 74"
736,"г.Батайск Цимлянское/Литовская"
737,"г Майкоп ул Пролетарская 238"
738,"г Майкоп,ул Пролетарская 238"
739,"г.Новороссийск ул.Пионерская 23"
740,"г.Армавир, ул .Ефремова, 101"
741,"г Аксай пл Героев ул Советская 1/а"
742,"г.Аксай пл.Героев ул.Советская 1/а"
743,"г.Аксай,пл.Героев,ул.Советская 1/а"
744,"г Ростов-на-Дону 6-я Линия 22"
745,"г.Ростов-на-Дону, 6-я Линия, 22"
746,"г. Ростов-на-Дону, ул. Вятская 47,пав. "Хлеб""
747,"г.Азов, ул. Мира 19/31"
748,"г Азов ул Кирова 131Б"
749,"г.Азов ул.Кирова 131Б"
750,"г.Анапа проезд Промышленный 5"
751,"г Константиновск ул Комсомольская 107 маг "Продукты""
752,"г. Константиновск ул. Комсомольская 107 маг. "Продукты""
753,"г. Константиновск, ул. Комсомольская, 107 маг. "Продукты""
754,"г Ростов-на-Дону ЖК Суворовский ул Платона Кляты 1"
755,"г.Ростов-на-Дону ул. Таганрогская 124 рынок"
756,"г.Ростов-на-Дону, ул. Таганрогская, 124 рынок"
757,"г.Ростов-н-Д, ул.Саратовская 4"
758,"г.Ростов-н-Д ул.Саратовская 4"
759,"г Ростов-на-Дону ул Ларина 9/1"
760,"г. Ростов-на-Дону, ул.Ларина 9/1"
761,"г Таганрог ул Дзержинского 37/1"
762,"г.Таганрог ул.Дзержинского 37/1"
763,"г Аксай Луначарского 80"
764,"г. Ростов-на-Дону, пр.Космонавтов, р-к "Квадро""
765,"г.Анапа п.Сукко пер.Речная 2"
766,"г.Анапа п.Сукко ул.Центральная 2"
767,"г.Анапа с.Варваровка ул.Калинина 73"
768,"г Анапа п Сукко ул Советская 103 Б"
769,"г.Анапа п.Сукко ул.Советская 103 Б"
770,"г.Новочеркасск ул. Петрова 23"
771,"г.Новочеркасск, ул. Петрова, 23"
772,"г.Ростов-на-Дону, Можайская 38/1"
773,"344092 г Ростов-на-Дону пр Королева 4 Б"
774,"344092 г.Ростов-на-Дону пр. Королева 4 Б"
775,"344092, г.Ростов-на-Дону, пр. Королева 4 Б"
776,"Аксайский р-н п Российский ул Молодёжная 73"
777,"Аксайский р-н п.Российский ул.Молодёжная 73"
778,"г Батайск ул Ленинградская 165"
779,"г.Батайск ул.Ленинградская 165"
780,"г.Батайск, ул.Ленинградская,165"
781,"РО, г. Семикаракорск, ул. Строителей, 28"
782,"РО г Семикаракорск ул Авилова (Пикет 4)"
783,"РО, г. Семикаракорск, ул. Авилова (Пикет 4)"
784,"РО г Семикаракорск ул Строителей 28"
785,"РО г. Семикаракорск ул. Строителей 28"
786,"г. Ростов/Дон ул. Фасадная 99"
787,"г. Ростов/Дон ул.Орская 58"
788,"г. Ростов-на-Дону, ул. Фасадная 99"
789,"г.Ростов-на-Дону пр.Космонавтов 34 А"
790,"г.Анапа ул.Ленина 15"
791,"Р/Д ул Немировича-Данченко 78/6"
792,"350072 г Краснодар ул им 40 лет Победы д 34 ТЦ "ОСКАР""
793,"350072 г. Краснодар ул.им.40 лет Победы д.34 ТЦ "ОСКАР""
794,"350072,г. Краснодар, ул.им.40 лет Победы, д.34 ТЦ "ОСКАР""
795,"г Краснодар ул Клары Лучко 12 м-н Фреш"
796,"г.Краснодар ул.Клары Лучко 12 м-н Фреш"
797,"Темрюкский р-н х Белый Дружбы 37"
798,"Темрюкский р-н, х Белый, Дружбы 37"
799,"г.Батайск. Авиагородок рынок Елена 2(место 44)"
800,"г.Ростов/Дон ул.Орбитальная 9/Беляева"
801,"Кагальницкое шоссе 11"
802,"Кагальницкое шоссе, 11"
803,"350072, г.Краснодар, ул.Ростовское шоссе, 29"
804,"г Аксай пос Реконструктор ул Транспортная 12"
805,"г.Аксай пос.Реконструктор ул. Транспортная 12"
806,"г.Аксай, пос.Реконструктор, ул. Транспортная 12"
807,"с Пешково ул К Маркса 35А"
808,"г.Таганрог 6-й линейный проезд 179"
809,"г.Таганрог ул.Бакинская 8"
810,"г.Ростов-на-Дону ул.Волкова 3/4"
811,"г Ростов/Дон пл Привокзальная 6"
812,"г.Ростов/Дон пл.Привокзальная,6"
813,"г Краснодар ул Просторная 11"
814,"г. Краснодар, ул.Просторная 11"
815,"РО пос. Мартыновка ул. Зыгина 10"
816,"РО, пос. Мартыновка, ул. Зыгина, 10"
817,"РО пос Мартыновка ул Ковалева 106"
818,"РО пос.Мартыновка ул. Ковалева 106"
819,"РО, пос.Мартыновка, ул. Ковалева, 106"
820,"РО, Константиновский р-н, х. Ведерников, ул. Южная, 5"
821,"РО г Константиновск ул Коммунистическая 85"
822,"РО г. Константиновск ул.Коммунистическая 85"
823,"РО,г. Константиновск ул.Коммунистическая 85"
824,"РО, г.Константиновск, ул. Топилина, 37"
825,"г Азов пос Ясный ул Чукотская 32"
826,"г.Азов пос.Ясный ул Чукотская 32"
827,"г.Азов, пос.Ясный, ул Чукотская, 32"
828,"г Симферополь ул им Героев Сталинграда д 35 кв 50"
829,"г.Симферополь, ул. им.Героев Сталинграда, д.35, кв.50"
830,"г.Новороссийск ул.Хворостянского 1/13"
831,"г Батайск ул М Горького 532(маг Слобода)"
832,"г. Батайск ул. М. Горького 532(маг. Слобода)"
833,"г. Батайск, ул. М. Горького, 532(маг. Слобода)"
834,"г.Шахты ул.Чернокозова 140"
835,"г Таганрог ул Петровская 6"
836,"г.Таганрог, ул. Петровская, 6"
837,"г.Таганрог ул. Петровская 6"
838,"г.Таганрог ул.Щаденко 1 А"
839,"г. Таганрог ул. Чехова 337 (маг. Иванка)"
840,"г. Таганрог, ул. Чехова, 337 (маг. Иванка)"
841,Б/А
842,"394031, г.Воронеж ул.Грамши д.70"
843,"394031 г Воронеж ул Грамши д 70"
844,"394031 г.Воронеж ул.Грамши д.70"
845,"Ейский р-он,ст.Старощербиновская ул.Чкалова 109"
846,"3533456 Россия Краснодарский кр г Анапа Пионерский пр-т 255/2"
847,"3533456,Россия,Краснодарский кр,г Анапа,Пионерский пр-т 255/2"
848,"Анапский р-н п.Супсех ул.Советская 55"
849,"358014, г.Элиста, 8 микрор-н, маг."Универсам""
850,"г Ростов-на-Дону ул Черепахина 72а"
851,"г. Ростов-на-Дону ул. Черепахина 72а"
852,"г. Ростов-на-Дону, ул. Черепахина, 72а"
853,"г. Ростов-на-Дону, ул. Семашко 85"
854,"г Каменск-Шахтинский ул Героев-Пионеров 87 А"
855,"г.Каменск-Шахтинский ул. Героев-Пионеров 87 А"
856,"г.Каменск-Шахтинский, ул. Героев-Пионеров, 87 А"
857,"г.Каменск-Шахтинский ул К.Маркса 54"
858,"г.Каменск-Шахтинский, ул К.Маркса 54"
859,"г.Каменск-Шахтинский, ул. Гагарина 71 А"
860,"г.Каменск-Шахтинский ул.Советская 35"
861,"г.Каменск-Шахтинский ул. Щаденко 104"
862,"г.Каменск-Шахтинский, ул. Щаденко, 104"
863,"г Ростов-на-Дону ул Мачтовая 3"
864,"г.Ростов-на-Дону ул.Мачтовая 3"
865,"г.Ростов-на-Дону ул.Литвинова 28"
866,"г Ростов-на-Дону ул Горшкова 6 А"
867,"г.Ростов-на-Дону, ул. Горшкова, 6 А"
868,"г Азов ул Привокзальная 2/а"
869,"г.Ростов-на-Дону, ул.Соколова, 39"
870,"г Ростов-на-Дону ул Соколова 39"
871,"г.Ростов-на-Дону ул.Соколова 39"
872,"г Новороссийск с Мысхако ул Изумрудная 61"
873,"г. Таганрог, пер. 7й Новый, 98"
874,"Р/Д ул Орбитальная 40"
875,"Р/Д ул. Орбитальная 40"
876,"г Ростов-на-Дону ул Жданова 1/5"
877,"г.Ростов-на-Дону ул.Жукова 30/95"
878,"г.Ростов-на-Дону ул.Капустина 26/1"
879,"Капустина 26\1"
880,"г Ростов-на-Дону ул Маршала Жукова 30/95"
881,"г.Ростов-на-Дону ул.Маршала Жукова 30/95"
882,"п.Витязево, ул. Светлая, 3"
883,"г.Азов, ул.Толстого"
884,"г Ростов-на-Дону Вавилова 10 А"
885,"г.Ростов-на-Дону Вавилова 10 А"
886,"г.Ростов-на-Дону, Вавилова, 10 А"
887,б\а
888,"Азовский р-он с Кагальник ул Кирова 34"
889,"Азовский р-он с.Кагальник ул.Кирова 34"
890,"Азовский р-он, с.Кагальник, ул.Кирова 34"
891,"г. Азов, Центральный р-к, сектор 7,м. 59 (крупа мешками)"
892,"г Ростов-на-Дону ул Обороны 32"
893,"г.Ростов-на-Дону ул.Обороны 32"
894,"Староминской р-он, ст.Староминская ул.Кирова 154 Б"
895,"г Батайск Торговое кольцо овощной рынок маг "Чай Кофе ""
896,"г.Батайск Торговое кольцо овощной рынок маг."Чай Кофе ""
897,"г.Батайск Торговое кольцо, овощной рынок маг."Чай Кофе ""
898,"с Самарское Зеленый Гай ул Жданова 63"
899,"с.Самарское Зеленый Гай ул.Жданова 63"
900,"с.Самарское, Зеленый Гай, ул.Жданова,63"
901,"РО Семик.р-н п.Мечетный ул.Октябрьская 20 А"
902,"г.Новочеркасск Харьковское шоссе 4б"
903,"г.Новочеркасск, Харьковское шоссе, 4б"
904,"г. Керчь,ул. Советская 4, маг. Здоровое питание"
905,"г Батайск пр Коммунистический 46б"
906,"г. Батайск, пр. Коммунистический, 46б"
907,"г.Ростов-на-Дону Космонавтов 30/22"
908,"г. Батайск, Северный 3/9 /маг. Белый Лотос/"
909,"г. Ростов-на-Дону ул. Таганрогская 223"
910,"г. Ростов-на-Дону, ул. Таганрогская, 223"
911,"г.Новороссийск, ул.Героев Десантников,2, Южный р-к,пав.5, место 10"
912,"п Ново-Александровка Ленина 67а"
913,"п.Ново-Александровка Ленина 67а"
914,"п.Ново-Александровка,Ленина,67а"
915,"г.Элиста ул. 28-Армии 42 м-н Продукты"
916,"357500, СК, г.Пятигорск ул.Захарова 8"
917,"г. Ростов-на-Дону ул. Жмайлова 4/11"
918,"г. Ростов-на-Дону, ул. Жмайлова,4/11"
919,"г.Азов Ц.Рынок Диетическое питание"
920,"г.Азов, Ц.Рынок, Диетическое питание"
921,"г.Азов, Ц.Рынок,За стеклом"
922,"347902 г.Таганрог ул.Свободы 12 маг."Молоко""
923,"347902, г.Таганрог, ул.Свободы, 12, маг."Молоко""
924,"г Батайск ул Сальская д 44"
925,"г.Батайск ул.Сальская д.44"
926,"г.Батайск ул.Горького 720"
927,"г Аксай ул Советская"
928,"г.Аксай,ул.Советская"
929,"г.Аксай ул.Советская"
930,"г.Таганрог, ул. МЕНДЕЛЕЕВА 117/3"
931,"г.Краснодар Проспект Чекистов 15/2"
932,"г.Ростов-на-Дону пр. Кировский 57"
933,"г.Азов пос.Мичуринец Победы 2 А"
934,"г.Семикаракорск 18-й переулок 36"
935,"г.Ростов-на-Дону, ул. Штахановского, 9"
936,"г Ростов-на-Дону ул Штахановского 9"
937,"г.Ростов-на-Дону ул. Штахановского 9"
938,"г. Семикаракорск, Орджоникидзе, 38/5"
939,"г. Таганрог, ул. Дзержинского 191, маг. "Чайная лавка""
940,"г.Азов ул Победы 3"
941,"г Новороссийск пр-т Ленина 107"
942,"Краснодарский край г Анапа ул Кавказская 47"
943,"Краснодарский край, г.Анапа ул.Кавказская 47"
944,"г. Сальск, ул. Димитрова, 56"
945,"г. Таганрог ул. Греческая д 48"
946,"г. Таганрог, ул. Греческая д,48"
947,"г.Ростов-на-Дону ул.Дачная2/1"
948,"г Ростов-на-Дону ул Таганрогская 225"
949,"г.Ростов-на-Дону ул.Таганрогская 225"
950,"Краснод.край г.Анапа с.Витязево ул.Горького 33 Б"
951,"РО, п.Головатовка, Октябрьская 41"
952,"г.Батайск ул.Кирова 3 А"
953,"г. Константиновск ул. Комарова 47г(маг. Перекресток)"
954,"г. Константиновск, ул. Комарова, 47г(маг. Перекресток)"
955,"г.Таганрог ул.Петровская 55 А"
956,"г.Новороссийск ул.Южная 3."
957,"г Азов ул Ленина 130"
958,"г.Азов, ул.Севостопольская, 71"
959,"г Ростов-на-Дону Вересаева 105/3"
960,"г.Ростов-на-Дону, Вересаева, 105/3"
961,"г Азов ул Московская 104"
962,"г. Азов ул. Московская 104"
963,"г. Азов, ул. Московская, 104"
964,БА
965,"РО, Ремонтненский р-н.,с.Ремонтное ул.Октябрьская 89, м-н"Атлант""
966,"Азовский р-н пос. Каяльский ул. Мичурина 1"
967,"Азовский р-н, пос. Каяльский, ул. Мичурина,1"
968,"г. Ростов-на-Дону, ул. Богданова, 21"
969,"г.Анапа, п. Витязево, ул.Черноморская 171"
970,"г Ростов-на-Дону,Чехова 9"
971,"г.Ростов/Дон ул.Троллейбусная,10"
972,"г.Ростов/Дон ул.Троллейбусная 10"
973,"г.Ростов-на-Дону ул.Индустриальная р-к Атлант пав№10"
974,"г Астрахань, ул Марфинская 15"
975,"г Азов Маяковский 28"
976,"г.Азов Маяковский 28"
977,"г.Азов, Маяковский,28"
978,"г Батайск 50-лет Октября 220"
979,"г.Батайск 50-лет Октября 220"
980,"г.Батайск, 50-лет Октября, 220"
981,"г.Батайск, ул.Заводская\Калинина"
982,"г Батайск ул Садовая 56"
983,"г. Батайск ул. Садовая 56"
984,"г. Батайск, ул. Садовая, 56"
985,"Темрюкский р-н пос Стрелка ул Чапаева 12 А"
986,"Темрюкский р-н, пос. Стрелка, ул. Чапаева, 12 А"
987,"пос.Стрелка ул.Ленина 4а"
988,"ст.Старотитаровская ул.Коммунистическая 70"
989,"г Таганрог пер Безымяный 3"
990,"г.Таганрог пер. Безымяный 3"
991,"г.Таганрог, пер. Безымяный, 3"
992,"г.Таганрог ул.Дзержинского 142 Б"
993,"г.Таганрог, ул.Октябрьская, 44/3, м-н "Лазурный""
994,"г.Ростов-на-Дону, ул. 2-ой Пятилетки, 12/1"
995,"г.Ростов-на-Дону, ул. Орбитальная, 88/1"
996,"353970, г. Новороссийск, п. Верхнебаканский, ул. Титан, 1"
997,"353970 г Новороссийск п Верхнебаканский ул Титан 1"
998,"г.Ростов-на-Дону ул. Авиаматорная 9 А"
999,"г.Аксай ул.Советская 6"
1000,"г Ростов-на-Дону г 40-лет Победы 97"
